[
  {
    "model": "users.user",
    "pk": "03b1f7c5-b47d-44ab-99cf-457e4231012f",
    "fields": {
      "password": "",
      "last_login": null,
      "is_superuser": false,
      "username": "mark_greer",
      "first_name": "Mark",
      "last_name": "Greer",
      "email": "mark.greer@example.com",
      "is_staff": false,
      "is_active": true,
      "date_joined": "2022-08-02T08:59:58.123Z",
      "uuid": "7c050820-1241-11ed-b434-acde48001122",
      "department_name": null,
      "groups": [],
      "user_permissions": [],
      "ad_groups": []
    }
  },
  {
    "model": "users.user",
    "pk": "0686f49f-5d1b-4537-86a6-d339293a6e85",
    "fields": {
      "password": "",
      "last_login": null,
      "is_superuser": false,
      "username": "gary_preston",
      "first_name": "Gary",
      "last_name": "Preston",
      "email": "gary.preston@example.com",
      "is_staff": false,
      "is_active": true,
      "date_joined": "2022-08-02T09:04:27.881Z",
      "uuid": "1ccee532-1242-11ed-8fe9-acde48001122",
      "department_name": null,
      "groups": [],
      "user_permissions": [],
      "ad_groups": []
    }
  },
  {
    "model": "users.user",
    "pk": "09a0a600-a62d-44bd-b9ef-ab446eeccb28",
    "fields": {
      "password": "pbkdf2_sha256$260000$xvX96pF721GWiJFcQY1WXC$JENWBbbMKKhn1hLvUKXyJqgmNschtW4+MpNk55x71rs=",
      "last_login": "2022-06-14T12:40:21.467Z",
      "is_superuser": true,
      "username": "hitas",
      "first_name": "",
      "last_name": "",
      "email": "hitas@example.com",
      "is_staff": true,
      "is_active": true,
      "date_joined": "2022-06-10T12:54:47.561Z",
      "uuid": "149689de-eca8-11ec-91f7-57e0ef3ccf79",
      "department_name": null,
      "groups": [],
      "user_permissions": [],
      "ad_groups": []
    }
  },
  {
    "model": "users.user",
    "pk": "12ea2b92-fd6b-495f-be69-51c0f03fc36d",
    "fields": {
      "password": "",
      "last_login": null,
      "is_superuser": false,
      "username": "amber_allen",
      "first_name": "Amber",
      "last_name": "Allen",
      "email": "amber.allen@example.com",
      "is_staff": false,
      "is_active": true,
      "date_joined": "2022-08-02T08:59:58.980Z",
      "uuid": "7c87eb6e-1241-11ed-b434-acde48001122",
      "department_name": null,
      "groups": [],
      "user_permissions": [],
      "ad_groups": []
    }
  },
  {
    "model": "users.user",
    "pk": "148b6f39-db14-4e6e-8009-5a66e5b56ad7",
    "fields": {
      "password": "",
      "last_login": null,
      "is_superuser": false,
      "username": "frank_harris",
      "first_name": "Frank",
      "last_name": "Harris",
      "email": "frank.harris@example.com",
      "is_staff": false,
      "is_active": true,
      "date_joined": "2022-08-02T09:18:25.533Z",
      "uuid": "10167164-1244-11ed-80fa-acde48001122",
      "department_name": null,
      "groups": [],
      "user_permissions": [],
      "ad_groups": []
    }
  },
  {
    "model": "users.user",
    "pk": "1c6ac4a3-65b9-4da6-871a-2326ce949e2f",
    "fields": {
      "password": "",
      "last_login": null,
      "is_superuser": false,
      "username": "james_burch",
      "first_name": "James",
      "last_name": "Burch",
      "email": "james.burch@example.com",
      "is_staff": false,
      "is_active": true,
      "date_joined": "2022-08-02T09:18:38.113Z",
      "uuid": "17960512-1244-11ed-95a3-acde48001122",
      "department_name": null,
      "groups": [],
      "user_permissions": [],
      "ad_groups": []
    }
  },
  {
    "model": "users.user",
    "pk": "23d7d86f-8223-4840-9e2f-26fb346f355e",
    "fields": {
      "password": "",
      "last_login": null,
      "is_superuser": false,
      "username": "latoya_williams",
      "first_name": "Latoya",
      "last_name": "Williams",
      "email": "latoya.williams@example.com",
      "is_staff": false,
      "is_active": true,
      "date_joined": "2022-08-02T09:18:27.437Z",
      "uuid": "1138efa4-1244-11ed-8c33-acde48001122",
      "department_name": null,
      "groups": [],
      "user_permissions": [],
      "ad_groups": []
    }
  },
  {
    "model": "users.user",
    "pk": "270946fb-c69f-4c92-b45c-d3d8ed0f28a0",
    "fields": {
      "password": "",
      "last_login": null,
      "is_superuser": false,
      "username": "kevin_davis",
      "first_name": "Kevin",
      "last_name": "Davis",
      "email": "kevin.davis@example.com",
      "is_staff": false,
      "is_active": true,
      "date_joined": "2022-08-02T09:04:24.123Z",
      "uuid": "1a918a72-1242-11ed-96e5-acde48001122",
      "department_name": null,
      "groups": [],
      "user_permissions": [],
      "ad_groups": []
    }
  },
  {
    "model": "users.user",
    "pk": "30361d41-2062-4aa5-9fc4-3db3ca49af4b",
    "fields": {
      "password": "",
      "last_login": null,
      "is_superuser": false,
      "username": "allen_sosa",
      "first_name": "Allen",
      "last_name": "Sosa",
      "email": "allen.sosa@example.com",
      "is_staff": false,
      "is_active": true,
      "date_joined": "2022-08-02T09:00:03.069Z",
      "uuid": "7ef7d63e-1241-11ed-b434-acde48001122",
      "department_name": null,
      "groups": [],
      "user_permissions": [],
      "ad_groups": []
    }
  },
  {
    "model": "users.user",
    "pk": "3b78650c-23fc-45e4-be12-60466d1631ac",
    "fields": {
      "password": "",
      "last_login": null,
      "is_superuser": false,
      "username": "christopher_berg",
      "first_name": "Christopher",
      "last_name": "Berg",
      "email": "christopher.berg@example.com",
      "is_staff": false,
      "is_active": true,
      "date_joined": "2022-08-02T09:20:13.729Z",
      "uuid": "5093c836-1244-11ed-b5d9-acde48001122",
      "department_name": null,
      "groups": [],
      "user_permissions": [],
      "ad_groups": []
    }
  },
  {
    "model": "users.user",
    "pk": "4c2dc115-27fa-4e55-af64-a5fdca0ee868",
    "fields": {
      "password": "",
      "last_login": null,
      "is_superuser": false,
      "username": "christina_johnson",
      "first_name": "Christina",
      "last_name": "Johnson",
      "email": "christina.johnson@example.com",
      "is_staff": false,
      "is_active": true,
      "date_joined": "2022-08-02T09:00:00.867Z",
      "uuid": "7da7c5e6-1241-11ed-b434-acde48001122",
      "department_name": null,
      "groups": [],
      "user_permissions": [],
      "ad_groups": []
    }
  },
  {
    "model": "users.user",
    "pk": "4c99c6a0-763d-447c-8e64-961ce058b730",
    "fields": {
      "password": "",
      "last_login": null,
      "is_superuser": false,
      "username": "dustin_martin",
      "first_name": "Dustin",
      "last_name": "Martin",
      "email": "dustin.martin@example.com",
      "is_staff": false,
      "is_active": true,
      "date_joined": "2022-08-02T08:59:59.858Z",
      "uuid": "7d0de390-1241-11ed-b434-acde48001122",
      "department_name": null,
      "groups": [],
      "user_permissions": [],
      "ad_groups": []
    }
  },
  {
    "model": "users.user",
    "pk": "563c260e-2dd8-47c8-bfaf-e79486f25065",
    "fields": {
      "password": "",
      "last_login": null,
      "is_superuser": false,
      "username": "cory_fox",
      "first_name": "Cory",
      "last_name": "Fox",
      "email": "cory.fox@example.com",
      "is_staff": false,
      "is_active": true,
      "date_joined": "2022-08-02T09:18:23.366Z",
      "uuid": "0ecbc444-1244-11ed-870c-acde48001122",
      "department_name": null,
      "groups": [],
      "user_permissions": [],
      "ad_groups": []
    }
  },
  {
    "model": "users.user",
    "pk": "5aa75278-48af-4284-8eb9-0268183220a8",
    "fields": {
      "password": "",
      "last_login": null,
      "is_superuser": false,
      "username": "kristin_coleman",
      "first_name": "Kristin",
      "last_name": "Coleman",
      "email": "kristin.coleman@example.com",
      "is_staff": false,
      "is_active": true,
      "date_joined": "2022-08-02T08:59:57.180Z",
      "uuid": "7b752480-1241-11ed-b434-acde48001122",
      "department_name": null,
      "groups": [],
      "user_permissions": [],
      "ad_groups": []
    }
  },
  {
    "model": "users.user",
    "pk": "653be9ed-d099-40f3-9e1d-0fea7badcdb2",
    "fields": {
      "password": "",
      "last_login": null,
      "is_superuser": false,
      "username": "nicole_gallagher",
      "first_name": "Nicole",
      "last_name": "Gallagher",
      "email": "nicole.gallagher@example.com",
      "is_staff": false,
      "is_active": true,
      "date_joined": "2022-08-02T08:59:55.602Z",
      "uuid": "7a846d2e-1241-11ed-b434-acde48001122",
      "department_name": null,
      "groups": [],
      "user_permissions": [],
      "ad_groups": []
    }
  },
  {
    "model": "users.user",
    "pk": "69f9cf07-8391-452e-ba38-e7754fc671a4",
    "fields": {
      "password": "",
      "last_login": null,
      "is_superuser": false,
      "username": "jeffrey_mooney",
      "first_name": "Jeffrey",
      "last_name": "Mooney",
      "email": "jeffrey.mooney@example.com",
      "is_staff": false,
      "is_active": true,
      "date_joined": "2022-08-02T09:18:32.758Z",
      "uuid": "1464e098-1244-11ed-b962-acde48001122",
      "department_name": null,
      "groups": [],
      "user_permissions": [],
      "ad_groups": []
    }
  },
  {
    "model": "users.user",
    "pk": "7204549a-62ae-4991-bc99-0fbc5f245300",
    "fields": {
      "password": "",
      "last_login": null,
      "is_superuser": false,
      "username": "christina_williamson",
      "first_name": "Christina",
      "last_name": "Williamson",
      "email": "christina.williamson@example.com",
      "is_staff": false,
      "is_active": true,
      "date_joined": "2022-08-02T09:04:16.021Z",
      "uuid": "15bd42e8-1242-11ed-9729-acde48001122",
      "department_name": null,
      "groups": [],
      "user_permissions": [],
      "ad_groups": []
    }
  },
  {
    "model": "users.user",
    "pk": "722efa11-90b3-448b-b978-45fef5539c28",
    "fields": {
      "password": "",
      "last_login": null,
      "is_superuser": false,
      "username": "michaela_larson",
      "first_name": "Michaela",
      "last_name": "Larson",
      "email": "michaela.larson@example.com",
      "is_staff": false,
      "is_active": true,
      "date_joined": "2022-08-02T09:20:11.623Z",
      "uuid": "4f528278-1244-11ed-9431-acde48001122",
      "department_name": null,
      "groups": [],
      "user_permissions": [],
      "ad_groups": []
    }
  },
  {
    "model": "users.user",
    "pk": "75ddf48a-27da-41b0-bd2f-0546682a1441",
    "fields": {
      "password": "",
      "last_login": null,
      "is_superuser": false,
      "username": "darlene_reed",
      "first_name": "Darlene",
      "last_name": "Reed",
      "email": "darlene.reed@example.com",
      "is_staff": false,
      "is_active": true,
      "date_joined": "2022-08-02T09:00:01.721Z",
      "uuid": "7e2a097a-1241-11ed-b434-acde48001122",
      "department_name": null,
      "groups": [],
      "user_permissions": [],
      "ad_groups": []
    }
  },
  {
    "model": "users.user",
    "pk": "7c804293-f0c0-4435-b591-f92775ae7942",
    "fields": {
      "password": "",
      "last_login": null,
      "is_superuser": false,
      "username": "christie_bauer",
      "first_name": "Christie",
      "last_name": "Bauer",
      "email": "christie.bauer@example.com",
      "is_staff": false,
      "is_active": true,
      "date_joined": "2022-08-02T09:20:15.799Z",
      "uuid": "51cfbff2-1244-11ed-bba9-acde48001122",
      "department_name": null,
      "groups": [],
      "user_permissions": [],
      "ad_groups": []
    }
  },
  {
    "model": "users.user",
    "pk": "8a5ca0f1-4fd7-4c3c-98e0-e5cbeded33fd",
    "fields": {
      "password": "",
      "last_login": null,
      "is_superuser": false,
      "username": "timothy_hawkins",
      "first_name": "Timothy",
      "last_name": "Hawkins",
      "email": "timothy.hawkins@example.com",
      "is_staff": false,
      "is_active": true,
      "date_joined": "2022-08-02T08:59:56.719Z",
      "uuid": "7b2ee7b8-1241-11ed-b434-acde48001122",
      "department_name": null,
      "groups": [],
      "user_permissions": [],
      "ad_groups": []
    }
  },
  {
    "model": "users.user",
    "pk": "956646ae-49e5-4d0c-b142-dc1c3269984e",
    "fields": {
      "password": "",
      "last_login": null,
      "is_superuser": false,
      "username": "rachel_forbes",
      "first_name": "Rachel",
      "last_name": "Forbes",
      "email": "rachel.forbes@example.com",
      "is_staff": false,
      "is_active": true,
      "date_joined": "2022-08-02T09:04:26.087Z",
      "uuid": "1bbd3a72-1242-11ed-8e1a-acde48001122",
      "department_name": null,
      "groups": [],
      "user_permissions": [],
      "ad_groups": []
    }
  },
  {
    "model": "users.user",
    "pk": "9972b540-832f-4282-8619-a5d886c2b984",
    "fields": {
      "password": "",
      "last_login": null,
      "is_superuser": false,
      "username": "robert_barker",
      "first_name": "Robert",
      "last_name": "Barker",
      "email": "robert.barker@example.com",
      "is_staff": false,
      "is_active": true,
      "date_joined": "2022-08-02T09:03:46.223Z",
      "uuid": "03fa583e-1242-11ed-b434-acde48001122",
      "department_name": null,
      "groups": [],
      "user_permissions": [],
      "ad_groups": []
    }
  },
  {
    "model": "users.user",
    "pk": "9e2715e8-a793-426d-9322-c5df9ce053c0",
    "fields": {
      "password": "",
      "last_login": null,
      "is_superuser": false,
      "username": "angela_weber",
      "first_name": "Angela",
      "last_name": "Weber",
      "email": "angela.weber@example.com",
      "is_staff": false,
      "is_active": true,
      "date_joined": "2022-08-02T09:04:20.223Z",
      "uuid": "183e7064-1242-11ed-8c53-acde48001122",
      "department_name": null,
      "groups": [],
      "user_permissions": [],
      "ad_groups": []
    }
  },
  {
    "model": "users.user",
    "pk": "acfd9a8c-c608-48e7-a883-cda6d3891867",
    "fields": {
      "password": "",
      "last_login": null,
      "is_superuser": false,
      "username": "tom_chang",
      "first_name": "Tom",
      "last_name": "Chang",
      "email": "tom.chang@example.com",
      "is_staff": false,
      "is_active": true,
      "date_joined": "2022-08-02T09:20:19.819Z",
      "uuid": "543518d2-1244-11ed-a42d-acde48001122",
      "department_name": null,
      "groups": [],
      "user_permissions": [],
      "ad_groups": []
    }
  },
  {
    "model": "users.user",
    "pk": "af296e7b-c152-42f8-a46c-e182bb72cddc",
    "fields": {
      "password": "",
      "last_login": null,
      "is_superuser": false,
      "username": "judy_reynolds",
      "first_name": "Judy",
      "last_name": "Reynolds",
      "email": "judy.reynolds@example.com",
      "is_staff": false,
      "is_active": true,
      "date_joined": "2022-08-02T08:59:05.963Z",
      "uuid": "5cee1030-1241-11ed-b434-acde48001122",
      "department_name": null,
      "groups": [],
      "user_permissions": [],
      "ad_groups": []
    }
  },
  {
    "model": "users.user",
    "pk": "b3ce65df-3707-4d83-a605-a0c886ff53f7",
    "fields": {
      "password": "",
      "last_login": null,
      "is_superuser": false,
      "username": "jerry_silva",
      "first_name": "Jerry",
      "last_name": "Silva",
      "email": "jerry.silva@example.com",
      "is_staff": false,
      "is_active": true,
      "date_joined": "2022-08-02T09:22:01.725Z",
      "uuid": "90f2bbee-1244-11ed-9cb4-acde48001122",
      "department_name": null,
      "groups": [],
      "user_permissions": [],
      "ad_groups": []
    }
  },
  {
    "model": "users.user",
    "pk": "c63ead5f-25fb-4af0-bc7e-62aa14b3e7e0",
    "fields": {
      "password": "",
      "last_login": null,
      "is_superuser": false,
      "username": "eric_martinez",
      "first_name": "Eric",
      "last_name": "Martinez",
      "email": "eric.martinez@example.com",
      "is_staff": false,
      "is_active": true,
      "date_joined": "2022-08-02T09:20:05.379Z",
      "uuid": "4b99bcbe-1244-11ed-95a3-acde48001122",
      "department_name": null,
      "groups": [],
      "user_permissions": [],
      "ad_groups": []
    }
  },
  {
    "model": "users.user",
    "pk": "c64f240b-12eb-4ccb-bdc7-15c430e7cfc0",
    "fields": {
      "password": "",
      "last_login": null,
      "is_superuser": false,
      "username": "russell_cortez",
      "first_name": "Russell",
      "last_name": "Cortez",
      "email": "russell.cortez@example.com",
      "is_staff": false,
      "is_active": true,
      "date_joined": "2022-08-02T09:20:09.468Z",
      "uuid": "4e09af72-1244-11ed-99ce-acde48001122",
      "department_name": null,
      "groups": [],
      "user_permissions": [],
      "ad_groups": []
    }
  },
  {
    "model": "users.user",
    "pk": "cde8f277-cc1a-4fcf-8394-9a37f080bb7e",
    "fields": {
      "password": "",
      "last_login": null,
      "is_superuser": false,
      "username": "stacy_saunders",
      "first_name": "Stacy",
      "last_name": "Saunders",
      "email": "stacy.saunders@example.com",
      "is_staff": false,
      "is_active": true,
      "date_joined": "2022-08-02T09:18:15.153Z",
      "uuid": "09e68388-1244-11ed-a0bd-acde48001122",
      "department_name": null,
      "groups": [],
      "user_permissions": [],
      "ad_groups": []
    }
  },
  {
    "model": "users.user",
    "pk": "d137e7c0-97a0-4ead-90a0-65a8e4af2607",
    "fields": {
      "password": "",
      "last_login": null,
      "is_superuser": false,
      "username": "joseph_glover",
      "first_name": "Joseph",
      "last_name": "Glover",
      "email": "joseph.glover@example.com",
      "is_staff": false,
      "is_active": true,
      "date_joined": "2022-08-02T08:59:52.480Z",
      "uuid": "78a81078-1241-11ed-b434-acde48001122",
      "department_name": null,
      "groups": [],
      "user_permissions": [],
      "ad_groups": []
    }
  },
  {
    "model": "users.user",
    "pk": "d531747f-d4c0-474e-b0f5-fc41c131751c",
    "fields": {
      "password": "",
      "last_login": null,
      "is_superuser": false,
      "username": "kelly_cooke",
      "first_name": "Kelly",
      "last_name": "Cooke",
      "email": "kelly.cooke@example.com",
      "is_staff": false,
      "is_active": true,
      "date_joined": "2022-08-02T09:00:02.129Z",
      "uuid": "7e6865ee-1241-11ed-b434-acde48001122",
      "department_name": null,
      "groups": [],
      "user_permissions": [],
      "ad_groups": []
    }
  },
  {
    "model": "users.user",
    "pk": "dd272dcc-f6d4-42f2-a9b9-8f3548c865dd",
    "fields": {
      "password": "",
      "last_login": null,
      "is_superuser": false,
      "username": "tammie_cain",
      "first_name": "Tammie",
      "last_name": "Cain",
      "email": "tammie.cain@example.com",
      "is_staff": false,
      "is_active": true,
      "date_joined": "2022-08-02T08:59:58.560Z",
      "uuid": "7c47d614-1241-11ed-b434-acde48001122",
      "department_name": null,
      "groups": [],
      "user_permissions": [],
      "ad_groups": []
    }
  },
  {
    "model": "users.user",
    "pk": "e024c728-0a0e-4747-8bd2-a63fc75d31ca",
    "fields": {
      "password": "",
      "last_login": null,
      "is_superuser": false,
      "username": "kristy_short",
      "first_name": "Kristy",
      "last_name": "Short",
      "email": "kristy.short@example.com",
      "is_staff": false,
      "is_active": true,
      "date_joined": "2022-08-02T09:00:01.310Z",
      "uuid": "7deb5d7e-1241-11ed-b434-acde48001122",
      "department_name": null,
      "groups": [],
      "user_permissions": [],
      "ad_groups": []
    }
  },
  {
    "model": "users.user",
    "pk": "e1ea99c4-db12-44a2-b8e8-240424725418",
    "fields": {
      "password": "",
      "last_login": null,
      "is_superuser": false,
      "username": "andrew_whitehead",
      "first_name": "Andrew",
      "last_name": "Whitehead",
      "email": "andrew.whitehead@example.com",
      "is_staff": false,
      "is_active": true,
      "date_joined": "2022-08-02T09:04:00.180Z",
      "uuid": "0c4bff60-1242-11ed-9b5d-acde48001122",
      "department_name": null,
      "groups": [],
      "user_permissions": [],
      "ad_groups": []
    }
  },
  {
    "model": "users.user",
    "pk": "f6a864d8-51cb-4917-81f4-611c48622282",
    "fields": {
      "password": "",
      "last_login": null,
      "is_superuser": false,
      "username": "tracy_valdez",
      "first_name": "Tracy",
      "last_name": "Valdez",
      "email": "tracy.valdez@example.com",
      "is_staff": false,
      "is_active": true,
      "date_joined": "2022-08-02T09:00:00.377Z",
      "uuid": "7d5d0d58-1241-11ed-b434-acde48001122",
      "department_name": null,
      "groups": [],
      "user_permissions": [],
      "ad_groups": []
    }
  },
  {
    "model": "hitas.apartment",
    "pk": 1,
    "fields": {
      "uuid": "a0ed3e6b-b844-4fd5-9db9-2c3c53b193d8",
      "building": 1,
      "state": "reserved",
      "apartment_type": 100,
      "surface_area": "60.00",
      "share_number_start": 1,
      "share_number_end": 49,
      "completion_date": "2014-06-02",
      "street_address": "Matinkatu 22",
      "apartment_number": 1,
      "floor": "1",
      "stair": "A",
      "debt_free_purchase_price": 11000,
      "primary_loan_amount": 44000,
      "purchase_price": "22000.00",
      "first_purchase_date": null,
      "second_purchase_date": null,
      "additional_work_during_construction": 0,
      "loans_during_construction": 55000,
      "interest_during_construction": 66000,
      "debt_free_purchase_price_during_construction": 0,
      "notes": null
    }
  },
  {
    "model": "hitas.apartment",
    "pk": 2,
    "fields": {
      "uuid": "a65fdf9f-87c8-4c4d-88cf-4116d82b07ed",
      "building": 2,
      "state": "free",
      "apartment_type": 128,
      "surface_area": "43.67",
      "share_number_start": 50,
      "share_number_end": 100,
      "completion_date": "2014-06-02",
      "street_address": "Bengalinkuja 4",
      "apartment_number": 68,
      "floor": "4",
      "stair": "z",
      "debt_free_purchase_price": 19817680,
      "primary_loan_amount": 15222953,
      "purchase_price": "14353544.00",
      "first_purchase_date": null,
      "second_purchase_date": null,
      "additional_work_during_construction": 0,
      "loans_during_construction": 17863409,
      "interest_during_construction": 1600059,
      "debt_free_purchase_price_during_construction": 0,
      "notes": "Nulla eos maiores illo reprehenderit. Sunt ducimus laborum nulla eveniet laboriosam.\nIpsa molestias aspernatur non occaecati."
    }
  },
  {
    "model": "hitas.apartment",
    "pk": 3,
    "fields": {
      "uuid": "231c4898-3918-4cad-9c6b-63d99fa1de62",
      "building": 3,
      "state": "free",
      "apartment_type": 129,
      "surface_area": "13.40",
      "share_number_start": 1,
      "share_number_end": 50,
      "completion_date": "2014-06-02",
      "street_address": "Iltatähdenkatu 7",
      "apartment_number": 2,
      "floor": "5",
      "stair": "W",
      "debt_free_purchase_price": 11584201,
      "primary_loan_amount": 18304503,
      "purchase_price": "10198118.00",
      "first_purchase_date": null,
      "second_purchase_date": null,
      "additional_work_during_construction": 0,
      "loans_during_construction": 12426834,
      "interest_during_construction": 1142622,
      "debt_free_purchase_price_during_construction": 0,
      "notes": "Voluptatem veritatis sit dolorem. Earum sint quidem quos voluptate cumque numquam. Esse architecto dolorum sit.\nRerum incidunt velit quis quibusdam."
    }
  },
  {
    "model": "hitas.apartment",
    "pk": 4,
    "fields": {
      "uuid": "c8ded105-4a5d-4fbf-82c2-3ecfbc986744",
      "building": 4,
      "state": "sold",
      "apartment_type": 129,
      "surface_area": "97.35",
      "share_number_start": 1,
      "share_number_end": 50,
      "completion_date": "2014-06-02",
      "street_address": "Lautamiehenbulevardi 04",
      "apartment_number": 95,
      "floor": "2",
      "stair": "Q",
      "debt_free_purchase_price": 10807807,
      "primary_loan_amount": 16844104,
      "purchase_price": "16806534.00",
      "first_purchase_date": null,
      "second_purchase_date": null,
      "additional_work_during_construction": 0,
      "loans_during_construction": 14996460,
      "interest_during_construction": 1114073,
      "debt_free_purchase_price_during_construction": 0,
      "notes": "Quos magnam quaerat provident asperiores praesentium provident. Illo quasi commodi. Consequatur nobis corporis mollitia."
    }
  },
  {
    "model": "hitas.apartment",
    "pk": 5,
    "fields": {
      "uuid": "8488cfbf-11d7-4fed-9eae-9077ef3b50bc",
      "building": 5,
      "state": "sold",
      "apartment_type": 130,
      "surface_area": "11.72",
      "share_number_start": 1,
      "share_number_end": 500,
      "completion_date": "2014-06-02",
      "street_address": "Ylipalonpolku 7",
      "apartment_number": 39,
      "floor": "6",
      "stair": "q",
      "debt_free_purchase_price": 15818308,
      "primary_loan_amount": 14639110,
      "purchase_price": "19167654.00",
      "first_purchase_date": null,
      "second_purchase_date": null,
      "additional_work_during_construction": 0,
      "loans_during_construction": 16386070,
      "interest_during_construction": 1552263,
      "debt_free_purchase_price_during_construction": 0,
      "notes": "Fugit omnis modi voluptatibus ut. Sequi quaerat quasi omnis labore expedita repudiandae. Excepturi aperiam voluptatum animi quod quae."
    }
  },
  {
    "model": "hitas.apartment",
    "pk": 6,
    "fields": {
      "uuid": "c03a059a-f54a-458c-84e9-e09351a531cb",
      "building": 6,
      "state": "sold",
      "apartment_type": 129,
      "surface_area": "16.01",
      "share_number_start": 1,
      "share_number_end": 50,
      "completion_date": "2014-06-02",
      "street_address": "Iltatähdenbulevardi 909",
      "apartment_number": 87,
      "floor": "9",
      "stair": "o",
      "debt_free_purchase_price": 194932,
      "primary_loan_amount": 120237,
      "purchase_price": "101511.00",
      "first_purchase_date": null,
      "second_purchase_date": null,
      "additional_work_during_construction": 0,
      "loans_during_construction": 147004,
      "interest_during_construction": 12997,
      "debt_free_purchase_price_during_construction": 0,
      "notes": "Necessitatibus quidem quisquam expedita laboriosam. Minus explicabo voluptates exercitationem beatae."
    }
  },
  {
    "model": "hitas.apartment",
    "pk": 7,
    "fields": {
      "uuid": "7b237e63-2233-4c94-a566-e9724eed3626",
      "building": 7,
      "state": "sold",
      "apartment_type": 129,
      "surface_area": "14.36",
      "share_number_start": 1001,
      "share_number_end": 1500,
      "completion_date": "2014-06-02",
      "street_address": "Fabianinbulevardi 565",
      "apartment_number": 88,
      "floor": "9",
      "stair": "A",
      "debt_free_purchase_price": 166968,
      "primary_loan_amount": 150795,
      "purchase_price": "119595.00",
      "first_purchase_date": null,
      "second_purchase_date": null,
      "additional_work_during_construction": 0,
      "loans_during_construction": 110982,
      "interest_during_construction": 17174,
      "debt_free_purchase_price_during_construction": 0,
      "notes": "Eum quos praesentium cupiditate odio odit quibusdam. Fuga placeat ipsum quasi. Blanditiis praesentium odio sit id adipisci minima pariatur."
    }
  },
  {
    "model": "hitas.apartment",
    "pk": 8,
    "fields": {
      "uuid": "71e9f7d2-4911-44bf-8ab6-71b40462df48",
      "building": 8,
      "state": "sold",
      "apartment_type": 129,
      "surface_area": "40.91",
      "share_number_start": 30,
      "share_number_end": 50,
      "completion_date": "2014-06-02",
      "street_address": "Yrjöntie 703",
      "apartment_number": 53,
      "floor": "8",
      "stair": "P",
      "debt_free_purchase_price": 106031,
      "primary_loan_amount": 102128,
      "purchase_price": "185278.00",
      "first_purchase_date": null,
      "second_purchase_date": null,
      "additional_work_during_construction": 0,
      "loans_during_construction": 131965,
      "interest_during_construction": 16209,
      "debt_free_purchase_price_during_construction": 0,
      "notes": "At occaecati explicabo iste fuga magni. Occaecati tenetur a itaque animi quo odit totam. Quod maxime magni optio.\nOdio animi consequatur. Eligendi ut maxime laborum quae minus."
    }
  },
  {
    "model": "hitas.building",
    "pk": 1,
    "fields": {
      "uuid": "78bc86e7-dbc4-449d-9ef0-fa43011dd151",
      "real_estate": 1,
      "street_address": "Fakestreet 123",
      "building_identifier": "100012345A"
    }
  },
  {
    "model": "hitas.building",
    "pk": 2,
    "fields": {
      "uuid": "be48cc00-3f0c-4419-a584-0c363feb0249",
      "real_estate": 2,
      "street_address": "Berganpolku 048",
      "building_identifier": "195041644r"
    }
  },
  {
    "model": "hitas.building",
    "pk": 3,
    "fields": {
      "uuid": "0f3561d9-f389-4f0a-a64a-38d4f2e90358",
      "real_estate": 3,
      "street_address": "Porebulevardi 00",
      "building_identifier": "180078596y"
    }
  },
  {
    "model": "hitas.building",
    "pk": 4,
    "fields": {
      "uuid": "e35d0081-29cf-4208-bd10-d7608fe852c6",
      "real_estate": 4,
      "street_address": "Aidasmäentie 1",
      "building_identifier": "181193052R"
    }
  },
  {
    "model": "hitas.building",
    "pk": 5,
    "fields": {
      "uuid": "22c9f4ce-2953-4d24-97fc-c58ec69d1a37",
      "real_estate": 5,
      "street_address": "Berganpolku 7",
      "building_identifier": "169214244O"
    }
  },
  {
    "model": "hitas.building",
    "pk": 6,
    "fields": {
      "uuid": "dcd112ff-9e3d-4852-b359-a0f336acb6ae",
      "real_estate": 6,
      "street_address": "Urheilukuja 0",
      "building_identifier": "163576403P"
    }
  },
  {
    "model": "hitas.building",
    "pk": 7,
    "fields": {
      "uuid": "12ebf093-a10d-43c1-8075-df552bd6595d",
      "real_estate": 7,
      "street_address": "Winqvistinkuja 0",
      "building_identifier": "150076293A"
    }
  },
  {
    "model": "hitas.building",
    "pk": 8,
    "fields": {
      "uuid": "4c7f8a59-3e90-4500-8eeb-482dc35e5f16",
      "real_estate": 8,
      "street_address": "Kimalaispolku 382",
      "building_identifier": "106343642p"
    }
  },
  {
    "model": "hitas.buildingtype",
    "pk": 1,
    "fields": {
      "uuid": "114211d1-db03-4389-ab6d-49683c8282e1",
      "value": "tuntematon",
      "description": "",
      "in_use": true,
      "order": 1,
      "legacy_code_number": "001",
      "legacy_start_date": "2022-06-10T12:53:10.149Z",
      "legacy_end_date": null
    }
  },
  {
    "model": "hitas.buildingtype",
    "pk": 2,
    "fields": {
      "uuid": "f3a77a46-9fc3-4b45-ba6d-baeebacd8a33",
      "value": "kerrostalo",
      "description": "",
      "in_use": true,
      "order": 2,
      "legacy_code_number": "002",
      "legacy_start_date": "2022-06-10T12:53:10.150Z",
      "legacy_end_date": null
    }
  },
  {
    "model": "hitas.buildingtype",
    "pk": 3,
    "fields": {
      "uuid": "84e5d67b-6090-4d16-bfc2-7a686e0ee515",
      "value": "rivitalo",
      "description": "",
      "in_use": true,
      "order": 3,
      "legacy_code_number": "003",
      "legacy_start_date": "2022-06-10T12:53:10.150Z",
      "legacy_end_date": null
    }
  },
  {
    "model": "hitas.buildingtype",
    "pk": 4,
    "fields": {
      "uuid": "e7d21da9-f4c6-485a-ab93-17f2767dda57",
      "value": "paritalo",
      "description": "",
      "in_use": true,
      "order": 4,
      "legacy_code_number": "004",
      "legacy_start_date": "2022-06-10T12:53:10.151Z",
      "legacy_end_date": null
    }
  },
  {
    "model": "hitas.buildingtype",
    "pk": 5,
    "fields": {
      "uuid": "d46238ac-9ec8-44ee-b1c3-0f1f43ed9e37",
      "value": "pienkerrostalo",
      "description": "",
      "in_use": true,
      "order": 5,
      "legacy_code_number": "005",
      "legacy_start_date": "2022-06-10T12:53:10.151Z",
      "legacy_end_date": null
    }
  },
  {
    "model": "hitas.buildingtype",
    "pk": 6,
    "fields": {
      "uuid": "1e0e6d39-e885-48cb-9dfb-e444fbf9c481",
      "value": "luhtitalo",
      "description": "",
      "in_use": true,
      "order": 6,
      "legacy_code_number": "006",
      "legacy_start_date": "2022-06-10T12:53:10.151Z",
      "legacy_end_date": null
    }
  },
  {
    "model": "hitas.buildingtype",
    "pk": 7,
    "fields": {
      "uuid": "976a10f2-fc95-4de7-a2c9-95db2938de94",
      "value": "omakotitalo",
      "description": "",
      "in_use": true,
      "order": 7,
      "legacy_code_number": "007",
      "legacy_start_date": "2022-06-10T12:53:10.152Z",
      "legacy_end_date": null
    }
  },
  {
    "model": "hitas.buildingtype",
    "pk": 8,
    "fields": {
      "uuid": "742e10d3-f65e-470f-8dfb-0c9216a6eff7",
      "value": "rivitalo/kerrostalo",
      "description": "",
      "in_use": true,
      "order": 8,
      "legacy_code_number": "008",
      "legacy_start_date": "2022-06-10T12:53:10.152Z",
      "legacy_end_date": null
    }
  },
  {
    "model": "hitas.buildingtype",
    "pk": 9,
    "fields": {
      "uuid": "62a1f517-9d19-42da-9a56-5ccabb54138b",
      "value": "kerrostalo/rivitalo",
      "description": "",
      "in_use": true,
      "order": 9,
      "legacy_code_number": "009",
      "legacy_start_date": "2022-06-10T12:53:10.152Z",
      "legacy_end_date": null
    }
  },
  {
    "model": "hitas.buildingtype",
    "pk": 10,
    "fields": {
      "uuid": "8e1b3fd6-49eb-495b-a092-eac3b8a2dcc5",
      "value": "pientalo",
      "description": "",
      "in_use": true,
      "order": 10,
      "legacy_code_number": "010",
      "legacy_start_date": "2022-06-10T12:53:10.153Z",
      "legacy_end_date": null
    }
  },
  {
    "model": "hitas.buildingtype",
    "pk": 11,
    "fields": {
      "uuid": "6bb1eff5-2da0-4a51-abe9-ee7dfe0fccfc",
      "value": "erillistalo",
      "description": "",
      "in_use": true,
      "order": 11,
      "legacy_code_number": "011",
      "legacy_start_date": "2022-06-10T12:53:10.153Z",
      "legacy_end_date": null
    }
  },
  {
    "model": "hitas.buildingtype",
    "pk": 12,
    "fields": {
      "uuid": "a2d0ed67-f16d-4870-9293-f111785300b1",
      "value": "rivitalo/erillistalo",
      "description": "",
      "in_use": true,
      "order": 12,
      "legacy_code_number": "012",
      "legacy_start_date": "2022-06-10T12:53:10.153Z",
      "legacy_end_date": null
    }
  },
  {
    "model": "hitas.financingmethod",
    "pk": 1,
    "fields": {
      "uuid": "cd674d17-d36f-4c90-bcd9-a7e00e3fa0df",
      "value": "tuntematon",
      "description": "",
      "in_use": true,
      "order": 1,
      "legacy_code_number": "000",
      "legacy_start_date": "2022-06-10T12:53:10.136Z",
      "legacy_end_date": null
    }
  },
  {
    "model": "hitas.financingmethod",
    "pk": 2,
    "fields": {
      "uuid": "0a76cff0-5ecf-4eba-b050-204c3477d1c9",
      "value": "vapaarahoitteinen, Hitas I",
      "description": "",
      "in_use": true,
      "order": 2,
      "legacy_code_number": "101",
      "legacy_start_date": "2022-06-10T12:53:10.136Z",
      "legacy_end_date": null
    }
  },
  {
    "model": "hitas.financingmethod",
    "pk": 3,
    "fields": {
      "uuid": "fcb1a033-6161-44a2-9114-97b57c6fd53f",
      "value": "vapaarahoitteinen, Hitas II",
      "description": "",
      "in_use": true,
      "order": 3,
      "legacy_code_number": "102",
      "legacy_start_date": "2022-06-10T12:53:10.137Z",
      "legacy_end_date": null
    }
  },
  {
    "model": "hitas.financingmethod",
    "pk": 4,
    "fields": {
      "uuid": "4a9446cf-54cd-4e94-9e26-a44a6fe29ec2",
      "value": "HK valtion laina, Hitas I",
      "description": "",
      "in_use": true,
      "order": 4,
      "legacy_code_number": "211",
      "legacy_start_date": "2022-06-10T12:53:10.137Z",
      "legacy_end_date": null
    }
  },
  {
    "model": "hitas.financingmethod",
    "pk": 5,
    "fields": {
      "uuid": "6cbfaa4b-b81f-4ee2-9800-fcd3c109a0ac",
      "value": "HK valtion laina, Hitas II",
      "description": "",
      "in_use": true,
      "order": 5,
      "legacy_code_number": "212",
      "legacy_start_date": "2022-06-10T12:53:10.138Z",
      "legacy_end_date": null
    }
  },
  {
    "model": "hitas.financingmethod",
    "pk": 6,
    "fields": {
      "uuid": "b1d6c359-fbf9-4b7a-a5d6-caf189835ead",
      "value": "RA valtion laina, Hitas I",
      "description": "",
      "in_use": true,
      "order": 6,
      "legacy_code_number": "221",
      "legacy_start_date": "2022-06-10T12:53:10.138Z",
      "legacy_end_date": null
    }
  },
  {
    "model": "hitas.financingmethod",
    "pk": 7,
    "fields": {
      "uuid": "36ecc9af-f5ff-455a-b89f-60f2557a53aa",
      "value": "RA valtion laina, Hitas I",
      "description": "",
      "in_use": true,
      "order": 7,
      "legacy_code_number": "222",
      "legacy_start_date": "2022-06-10T12:53:10.138Z",
      "legacy_end_date": null
    }
  },
  {
    "model": "hitas.financingmethod",
    "pk": 8,
    "fields": {
      "uuid": "4739ad1c-01d1-4a32-889b-b19f1f8c6a33",
      "value": "HK valtion laina, Hitas I",
      "description": "",
      "in_use": true,
      "order": 8,
      "legacy_code_number": "311",
      "legacy_start_date": "2022-06-10T12:53:10.139Z",
      "legacy_end_date": null
    }
  },
  {
    "model": "hitas.financingmethod",
    "pk": 9,
    "fields": {
      "uuid": "1781fdb8-cff3-4c3b-9af0-1cc4ae3c3d36",
      "value": "HK valtion laina, Hitas II",
      "description": "",
      "in_use": true,
      "order": 9,
      "legacy_code_number": "312",
      "legacy_start_date": "2022-06-10T12:53:10.139Z",
      "legacy_end_date": null
    }
  },
  {
    "model": "hitas.financingmethod",
    "pk": 10,
    "fields": {
      "uuid": "c05bab17-3153-4bc1-91b6-2354e582fcc8",
      "value": "RA valtion laina, Hitas I",
      "description": "",
      "in_use": true,
      "order": 10,
      "legacy_code_number": "321",
      "legacy_start_date": "2022-06-10T12:53:10.139Z",
      "legacy_end_date": null
    }
  },
  {
    "model": "hitas.financingmethod",
    "pk": 11,
    "fields": {
      "uuid": "b60c3d06-f3a9-4cec-9c1e-0bd41de324ba",
      "value": "RA valtion laina, Hitas II",
      "description": "",
      "in_use": true,
      "order": 11,
      "legacy_code_number": "322",
      "legacy_start_date": "2022-06-10T12:53:10.140Z",
      "legacy_end_date": null
    }
  },
  {
    "model": "hitas.financingmethod",
    "pk": 12,
    "fields": {
      "uuid": "64467849-4239-4a62-983e-5ac66a8153a4",
      "value": "Korkotuki, Hitas I",
      "description": "",
      "in_use": true,
      "order": 12,
      "legacy_code_number": "411",
      "legacy_start_date": "2022-06-10T12:53:10.140Z",
      "legacy_end_date": null
    }
  },
  {
    "model": "hitas.financingmethod",
    "pk": 13,
    "fields": {
      "uuid": "485d8561-ad32-4d2b-a384-29f8a28c04a7",
      "value": "Korkotuki, Hitas II",
      "description": "",
      "in_use": true,
      "order": 13,
      "legacy_code_number": "412",
      "legacy_start_date": "2022-06-10T12:53:10.140Z",
      "legacy_end_date": null
    }
  },
  {
    "model": "hitas.financingmethod",
    "pk": 14,
    "fields": {
      "uuid": "0b957ecb-1ead-4ad1-ae29-e6515fed3077",
      "value": "Lyhyt korkotukilaina, ns. osaomistus Hitas I",
      "description": "",
      "in_use": true,
      "order": 14,
      "legacy_code_number": "511",
      "legacy_start_date": "2022-06-10T12:53:10.141Z",
      "legacy_end_date": null
    }
  },
  {
    "model": "hitas.financingmethod",
    "pk": 15,
    "fields": {
      "uuid": "4e3943a6-d097-439e-bd68-3ae8d9a072f6",
      "value": "Pitkä korkotukilaina osaomistus Hitas I",
      "description": "",
      "in_use": true,
      "order": 15,
      "legacy_code_number": "611",
      "legacy_start_date": "2022-06-10T12:53:10.141Z",
      "legacy_end_date": null
    }
  },
  {
    "model": "hitas.financingmethod",
    "pk": 16,
    "fields": {
      "uuid": "6f6ab506-79a0-45f7-a752-65d1a1848dbb",
      "value": "Omaksi lunastettava vuokra-asunto, Hitas I",
      "description": "",
      "in_use": true,
      "order": 16,
      "legacy_code_number": "711",
      "legacy_start_date": "2022-06-10T12:53:10.141Z",
      "legacy_end_date": null
    }
  },
  {
    "model": "hitas.financingmethod",
    "pk": 17,
    "fields": {
      "uuid": "e062e181-24b9-48fb-a51a-bceec2a37d34",
      "value": "Uusi Hitas I (vapaarahoitteinen)",
      "description": "",
      "in_use": true,
      "order": 17,
      "legacy_code_number": "811",
      "legacy_start_date": "2022-06-10T12:53:10.142Z",
      "legacy_end_date": null
    }
  },
  {
    "model": "hitas.financingmethod",
    "pk": 18,
    "fields": {
      "uuid": "793f4bad-0b63-41a7-a6df-1e3dc0337f07",
      "value": "Uusi Hitas II (vapaarahoitteinen)",
      "description": "",
      "in_use": true,
      "order": 18,
      "legacy_code_number": "812",
      "legacy_start_date": "2022-06-10T12:53:10.142Z",
      "legacy_end_date": null
    }
  },
  {
    "model": "hitas.financingmethod",
    "pk": 19,
    "fields": {
      "uuid": "2913209c-9724-4f8e-82e5-f5a44e9bdfb4",
      "value": "Uusi Hitas I (vanhat säännöt)",
      "description": "",
      "in_use": true,
      "order": 19,
      "legacy_code_number": "821",
      "legacy_start_date": "2022-06-10T12:53:10.142Z",
      "legacy_end_date": null
    }
  },
  {
    "model": "hitas.financingmethod",
    "pk": 20,
    "fields": {
      "uuid": "de4dfac0-ca52-46bf-bb8c-394d78a52db7",
      "value": "Uusi Hitas II (vanhat säännöt)",
      "description": "",
      "in_use": true,
      "order": 20,
      "legacy_code_number": "822",
      "legacy_start_date": "2022-06-10T12:53:10.143Z",
      "legacy_end_date": null
    }
  },
  {
    "model": "hitas.financingmethod",
    "pk": 21,
    "fields": {
      "uuid": "a42bd1a4-ddee-4fca-aa36-461b61742f4c",
      "value": "Vuokratalo Hitas II",
      "description": "",
      "in_use": true,
      "order": 21,
      "legacy_code_number": "911",
      "legacy_start_date": "2022-06-10T12:53:10.143Z",
      "legacy_end_date": null
    }
  },
  {
    "model": "hitas.financingmethod",
    "pk": 22,
    "fields": {
      "uuid": "3b36f759-4fa8-40f5-a477-574a936374bf",
      "value": "Vuokratalo Hitas I",
      "description": "",
      "in_use": true,
      "order": 22,
      "legacy_code_number": "912",
      "legacy_start_date": "2022-06-10T12:53:10.143Z",
      "legacy_end_date": null
    }
  },
  {
    "model": "hitas.developer",
    "pk": 5,
    "fields": {
      "uuid": "06224336-de27-4d87-853a-fb950ba5ecc8",
      "value": "Helsingin Sato Oy",
      "description": "",
      "in_use": true,
      "order": 8,
      "legacy_code_number": "007",
      "legacy_start_date": "2022-06-13T10:46:59Z",
      "legacy_end_date": null
    }
  },
  {
    "model": "hitas.developer",
    "pk": 6,
    "fields": {
      "uuid": "06d93a73-c212-4aa9-a536-83076d1b7fbf",
      "value": "As Oy Taipale",
      "description": "Laborum corporis hic nihil explicabo repellendus hic.",
      "in_use": true,
      "order": null,
      "legacy_code_number": "001",
      "legacy_start_date": "2020-08-27T19:44:51.832Z",
      "legacy_end_date": null
    }
  },
  {
    "model": "hitas.developer",
    "pk": 7,
    "fields": {
      "uuid": "d7cec43d-cb93-45d8-9c6d-634a813aed53",
      "value": "As Oy Simola",
      "description": "Error beatae maiores numquam tempore.",
      "in_use": true,
      "order": null,
      "legacy_code_number": "000",
      "legacy_start_date": "2016-07-28T08:36:19.285Z",
      "legacy_end_date": null
    }
  },
  {
    "model": "hitas.developer",
    "pk": 8,
    "fields": {
      "uuid": "84981cf4-ab1b-48b6-94ce-1775a513a53b",
      "value": "As Oy Laaksonen",
      "description": "Quam nam perferendis assumenda nemo.",
      "in_use": true,
      "order": null,
      "legacy_code_number": "000",
      "legacy_start_date": "2020-07-22T21:00:43.600Z",
      "legacy_end_date": null
    }
  },
  {
    "model": "hitas.developer",
    "pk": 9,
    "fields": {
      "uuid": "eff7cca5-a630-4714-8406-4793bd7e65d6",
      "value": "As Oy Koistinen",
      "description": "Maiores amet repudiandae facilis laboriosam voluptas iure.",
      "in_use": true,
      "order": null,
      "legacy_code_number": "000",
      "legacy_start_date": "2021-11-05T17:54:49.048Z",
      "legacy_end_date": null
    }
  },
  {
    "model": "hitas.developer",
    "pk": 10,
    "fields": {
      "uuid": "1d2ef714-85d7-44fe-969e-97c89847abcc",
      "value": "As Oy Heikkinen",
      "description": "Totam repudiandae dolore officiis.",
      "in_use": true,
      "order": null,
      "legacy_code_number": "000",
      "legacy_start_date": "2011-07-22T20:44:11.907Z",
      "legacy_end_date": null
    }
  },
  {
    "model": "hitas.developer",
    "pk": 11,
    "fields": {
      "uuid": "a6fb426e-7406-4a0d-bc1e-bbf7dfc663d6",
      "value": "As Oy Leppänen",
      "description": "Explicabo eveniet consectetur fugit dignissimos provident provident.",
      "in_use": true,
      "order": null,
      "legacy_code_number": "000",
      "legacy_start_date": "2016-11-07T12:08:37.817Z",
      "legacy_end_date": null
    }
  },
  {
    "model": "hitas.developer",
    "pk": 12,
    "fields": {
      "uuid": "e4401fa6-3135-40eb-b54f-13bca4fca5f1",
      "value": "As Oy Nyman",
      "description": "Minus accusantium perferendis maiores maiores provident itaque.",
      "in_use": true,
      "order": null,
      "legacy_code_number": "000",
      "legacy_start_date": "2012-01-02T23:46:09.515Z",
      "legacy_end_date": null
    }
  },
  {
    "model": "hitas.apartmenttype",
    "pk": 22,
    "fields": {
      "uuid": "18b0012f-572a-421e-8e18-27da2bda6849",
      "value": "h+k+s+at+var",
      "description": "",
      "in_use": true,
      "order": null,
      "legacy_code_number": "000",
      "legacy_start_date": "2022-07-26T10:10:38.002Z",
      "legacy_end_date": null
    }
  },
  {
    "model": "hitas.apartmenttype",
    "pk": 23,
    "fields": {
      "uuid": "cbdb5072-a856-486c-b0e0-4bb426ae283d",
      "value": "h+k",
      "description": "",
      "in_use": true,
      "order": null,
      "legacy_code_number": "001",
      "legacy_start_date": "2022-07-26T10:10:38.008Z",
      "legacy_end_date": null
    }
  },
  {
    "model": "hitas.apartmenttype",
    "pk": 24,
    "fields": {
      "uuid": "fbf25e5a-b3dd-43a4-a723-887419072cc0",
      "value": "h+kk",
      "description": "",
      "in_use": true,
      "order": null,
      "legacy_code_number": "002",
      "legacy_start_date": "2022-07-26T10:10:38.009Z",
      "legacy_end_date": null
    }
  },
  {
    "model": "hitas.apartmenttype",
    "pk": 25,
    "fields": {
      "uuid": "9a264eeb-3a2d-4531-8886-93a36fb151e1",
      "value": "h+tk",
      "description": "",
      "in_use": true,
      "order": null,
      "legacy_code_number": "003",
      "legacy_start_date": "2022-07-26T10:10:38.010Z",
      "legacy_end_date": null
    }
  },
  {
    "model": "hitas.apartmenttype",
    "pk": 26,
    "fields": {
      "uuid": "0a98b217-7057-4340-a299-74a3320fcd3f",
      "value": "h+kt",
      "description": "",
      "in_use": true,
      "order": null,
      "legacy_code_number": "004",
      "legacy_start_date": "2022-07-26T10:10:38.010Z",
      "legacy_end_date": null
    }
  },
  {
    "model": "hitas.apartmenttype",
    "pk": 27,
    "fields": {
      "uuid": "506e63af-679a-47c5-88ba-286815d4cc0f",
      "value": "h",
      "description": "",
      "in_use": true,
      "order": null,
      "legacy_code_number": "005",
      "legacy_start_date": "2022-07-26T10:10:38.011Z",
      "legacy_end_date": null
    }
  },
  {
    "model": "hitas.apartmenttype",
    "pk": 28,
    "fields": {
      "uuid": "23f797b8-46be-47f4-9c95-4b27f1894d52",
      "value": "h+k+s",
      "description": "",
      "in_use": true,
      "order": null,
      "legacy_code_number": "006",
      "legacy_start_date": "2022-07-26T10:10:38.012Z",
      "legacy_end_date": null
    }
  },
  {
    "model": "hitas.apartmenttype",
    "pk": 29,
    "fields": {
      "uuid": "decd219d-19d6-46d9-a3f5-543172e6e34b",
      "value": "h+kk+s",
      "description": "",
      "in_use": true,
      "order": null,
      "legacy_code_number": "007",
      "legacy_start_date": "2022-07-26T10:10:38.012Z",
      "legacy_end_date": null
    }
  },
  {
    "model": "hitas.apartmenttype",
    "pk": 30,
    "fields": {
      "uuid": "d74ed1e7-8969-47ad-a3e8-5f57a25e0423",
      "value": "h+k+s+työh.",
      "description": "",
      "in_use": true,
      "order": null,
      "legacy_code_number": "008",
      "legacy_start_date": "2022-07-26T10:10:38.013Z",
      "legacy_end_date": null
    }
  },
  {
    "model": "hitas.apartmenttype",
    "pk": 31,
    "fields": {
      "uuid": "c9723173-7de8-4ab6-8d9e-0a00aa036949",
      "value": "h+tk+s",
      "description": "",
      "in_use": true,
      "order": null,
      "legacy_code_number": "009",
      "legacy_start_date": "2022-07-26T10:10:38.014Z",
      "legacy_end_date": null
    }
  },
  {
    "model": "hitas.apartmenttype",
    "pk": 32,
    "fields": {
      "uuid": "96525350-99e2-44d1-aa97-681a4ed4b9f1",
      "value": "h+kt+s",
      "description": "",
      "in_use": true,
      "order": null,
      "legacy_code_number": "010",
      "legacy_start_date": "2022-07-26T10:10:38.015Z",
      "legacy_end_date": null
    }
  },
  {
    "model": "hitas.apartmenttype",
    "pk": 33,
    "fields": {
      "uuid": "bc1efbc5-9dda-4257-a0f6-502a3a1353dc",
      "value": "h+kt+r+s",
      "description": "",
      "in_use": true,
      "order": null,
      "legacy_code_number": "011",
      "legacy_start_date": "2022-07-26T10:10:38.016Z",
      "legacy_end_date": null
    }
  },
  {
    "model": "hitas.apartmenttype",
    "pk": 34,
    "fields": {
      "uuid": "49e12129-6585-461d-8959-eeada1697714",
      "value": "h+k+vh",
      "description": "",
      "in_use": true,
      "order": null,
      "legacy_code_number": "012",
      "legacy_start_date": "2022-07-26T10:10:38.016Z",
      "legacy_end_date": null
    }
  },
  {
    "model": "hitas.apartmenttype",
    "pk": 35,
    "fields": {
      "uuid": "786cbd44-c37b-40d0-996f-781bfead019f",
      "value": "h+k+khh",
      "description": "",
      "in_use": true,
      "order": null,
      "legacy_code_number": "013",
      "legacy_start_date": "2022-07-26T10:10:38.017Z",
      "legacy_end_date": null
    }
  },
  {
    "model": "hitas.apartmenttype",
    "pk": 36,
    "fields": {
      "uuid": "86543897-f2cf-457a-b3c7-98f3c1ebfafa",
      "value": "h+kk+alk+s",
      "description": "",
      "in_use": true,
      "order": null,
      "legacy_code_number": "014",
      "legacy_start_date": "2022-07-26T10:10:38.018Z",
      "legacy_end_date": null
    }
  },
  {
    "model": "hitas.apartmenttype",
    "pk": 37,
    "fields": {
      "uuid": "ceed1c9f-5b14-438e-ba85-29e261afd6bd",
      "value": "h+k+alk+s",
      "description": "",
      "in_use": true,
      "order": null,
      "legacy_code_number": "015",
      "legacy_start_date": "2022-07-26T10:10:38.018Z",
      "legacy_end_date": null
    }
  },
  {
    "model": "hitas.apartmenttype",
    "pk": 38,
    "fields": {
      "uuid": "a2855e50-5356-43c3-98ac-636e46aa6867",
      "value": "h+ks",
      "description": "",
      "in_use": true,
      "order": null,
      "legacy_code_number": "016",
      "legacy_start_date": "2022-07-26T10:10:38.019Z",
      "legacy_end_date": null
    }
  },
  {
    "model": "hitas.apartmenttype",
    "pk": 39,
    "fields": {
      "uuid": "76e3515b-a4c5-4a5b-9aab-ed8efe1f9831",
      "value": "tpk+alk+s",
      "description": "",
      "in_use": true,
      "order": null,
      "legacy_code_number": "017",
      "legacy_start_date": "2022-07-26T10:10:38.020Z",
      "legacy_end_date": null
    }
  },
  {
    "model": "hitas.apartmenttype",
    "pk": 40,
    "fields": {
      "uuid": "0b6bbf7b-f338-4d75-b720-d1133b364690",
      "value": "h+k+s+khh",
      "description": "",
      "in_use": true,
      "order": null,
      "legacy_code_number": "018",
      "legacy_start_date": "2022-07-26T10:10:38.021Z",
      "legacy_end_date": null
    }
  },
  {
    "model": "hitas.apartmenttype",
    "pk": 41,
    "fields": {
      "uuid": "f4210023-7416-4d1d-b561-741fc68690bb",
      "value": "h+kk+sali",
      "description": "",
      "in_use": true,
      "order": null,
      "legacy_code_number": "019",
      "legacy_start_date": "2022-07-26T10:10:38.021Z",
      "legacy_end_date": null
    }
  },
  {
    "model": "hitas.apartmenttype",
    "pk": 42,
    "fields": {
      "uuid": "726e5331-d494-4a90-ae95-2fda1804fe30",
      "value": "h+k+s+ver",
      "description": "",
      "in_use": true,
      "order": null,
      "legacy_code_number": "020",
      "legacy_start_date": "2022-07-26T10:10:38.022Z",
      "legacy_end_date": null
    }
  },
  {
    "model": "hitas.apartmenttype",
    "pk": 43,
    "fields": {
      "uuid": "315f2989-feda-4068-8ae2-79118744b24c",
      "value": "h+tk+ver",
      "description": "",
      "in_use": true,
      "order": null,
      "legacy_code_number": "021",
      "legacy_start_date": "2022-07-26T10:10:38.023Z",
      "legacy_end_date": null
    }
  },
  {
    "model": "hitas.apartmenttype",
    "pk": 44,
    "fields": {
      "uuid": "65af3f27-f56f-4f98-ab3f-9a0db5864923",
      "value": "h+k+ver",
      "description": "",
      "in_use": true,
      "order": null,
      "legacy_code_number": "022",
      "legacy_start_date": "2022-07-26T10:10:38.023Z",
      "legacy_end_date": null
    }
  },
  {
    "model": "hitas.apartmenttype",
    "pk": 45,
    "fields": {
      "uuid": "f43c7522-14e1-47c3-bcdf-1c6586883aa5",
      "value": "h+k+alk+ver",
      "description": "",
      "in_use": true,
      "order": null,
      "legacy_code_number": "023",
      "legacy_start_date": "2022-07-26T10:10:38.024Z",
      "legacy_end_date": null
    }
  },
  {
    "model": "hitas.apartmenttype",
    "pk": 46,
    "fields": {
      "uuid": "3d647f9e-fecf-4607-8d5b-17a8af9d95dd",
      "value": "h+k+s+viherh.",
      "description": "",
      "in_use": true,
      "order": null,
      "legacy_code_number": "024",
      "legacy_start_date": "2022-07-26T10:10:38.025Z",
      "legacy_end_date": null
    }
  },
  {
    "model": "hitas.apartmenttype",
    "pk": 47,
    "fields": {
      "uuid": "e00fbce0-f0cf-43b9-89bf-bba4ac99d395",
      "value": "h+kk+s+viherh",
      "description": "",
      "in_use": true,
      "order": null,
      "legacy_code_number": "025",
      "legacy_start_date": "2022-07-26T10:10:38.026Z",
      "legacy_end_date": null
    }
  },
  {
    "model": "hitas.apartmenttype",
    "pk": 48,
    "fields": {
      "uuid": "4d7cc03a-98c5-446a-b430-853b4ee846bf",
      "value": "h+k+s+piha",
      "description": "",
      "in_use": true,
      "order": null,
      "legacy_code_number": "026",
      "legacy_start_date": "2022-07-26T10:10:38.026Z",
      "legacy_end_date": null
    }
  },
  {
    "model": "hitas.apartmenttype",
    "pk": 49,
    "fields": {
      "uuid": "2eaf0b61-7ed8-42a1-9244-2a9cdb13f237",
      "value": "h+tk+vh",
      "description": "",
      "in_use": true,
      "order": null,
      "legacy_code_number": "027",
      "legacy_start_date": "2022-07-26T10:10:38.027Z",
      "legacy_end_date": null
    }
  },
  {
    "model": "hitas.apartmenttype",
    "pk": 50,
    "fields": {
      "uuid": "268ba6c7-31d8-49f2-a3fe-a222384df050",
      "value": "h+k+rt",
      "description": "",
      "in_use": true,
      "order": null,
      "legacy_code_number": "028",
      "legacy_start_date": "2022-07-26T10:10:38.028Z",
      "legacy_end_date": null
    }
  },
  {
    "model": "hitas.apartmenttype",
    "pk": 51,
    "fields": {
      "uuid": "615da218-2c8d-4c87-8128-64f98f51a23c",
      "value": "h+k+s+tt",
      "description": "",
      "in_use": true,
      "order": null,
      "legacy_code_number": "029",
      "legacy_start_date": "2022-07-26T10:10:38.028Z",
      "legacy_end_date": null
    }
  },
  {
    "model": "hitas.apartmenttype",
    "pk": 52,
    "fields": {
      "uuid": "6af8be3d-296c-460f-bbd6-70758736e6b6",
      "value": "h+kk+terassi",
      "description": "",
      "in_use": true,
      "order": null,
      "legacy_code_number": "030",
      "legacy_start_date": "2022-07-26T10:10:38.029Z",
      "legacy_end_date": null
    }
  },
  {
    "model": "hitas.apartmenttype",
    "pk": 53,
    "fields": {
      "uuid": "3c37c4e5-9fcd-4d84-931f-032c61ed05b7",
      "value": "h+k+tt+ter",
      "description": "",
      "in_use": true,
      "order": null,
      "legacy_code_number": "031",
      "legacy_start_date": "2022-07-26T10:10:38.030Z",
      "legacy_end_date": null
    }
  },
  {
    "model": "hitas.apartmenttype",
    "pk": 54,
    "fields": {
      "uuid": "73576c8e-cd2b-4a4c-b827-a0ba61fce3a9",
      "value": "h+kt+rt+s+ter",
      "description": "",
      "in_use": true,
      "order": null,
      "legacy_code_number": "032",
      "legacy_start_date": "2022-07-26T10:10:38.031Z",
      "legacy_end_date": null
    }
  },
  {
    "model": "hitas.apartmenttype",
    "pk": 55,
    "fields": {
      "uuid": "39f0507f-f74b-402a-b61f-65189b6ac841",
      "value": "h+kt+rt+s",
      "description": "",
      "in_use": true,
      "order": null,
      "legacy_code_number": "033",
      "legacy_start_date": "2022-07-26T10:10:38.031Z",
      "legacy_end_date": null
    }
  },
  {
    "model": "hitas.apartmenttype",
    "pk": 56,
    "fields": {
      "uuid": "90e75dcb-50dd-4111-bc06-caba69b4d03f",
      "value": "h+kt+rt",
      "description": "",
      "in_use": true,
      "order": null,
      "legacy_code_number": "034",
      "legacy_start_date": "2022-07-26T10:10:38.032Z",
      "legacy_end_date": null
    }
  },
  {
    "model": "hitas.apartmenttype",
    "pk": 57,
    "fields": {
      "uuid": "de575fcc-6da6-4c6f-bb13-33b5a0da814c",
      "value": "h+kt+rt+ter",
      "description": "",
      "in_use": true,
      "order": null,
      "legacy_code_number": "035",
      "legacy_start_date": "2022-07-26T10:10:38.033Z",
      "legacy_end_date": null
    }
  },
  {
    "model": "hitas.apartmenttype",
    "pk": 58,
    "fields": {
      "uuid": "0ca5a953-355c-457d-a102-10621a3d896a",
      "value": "h+kt+s+ter",
      "description": "",
      "in_use": true,
      "order": null,
      "legacy_code_number": "036",
      "legacy_start_date": "2022-07-26T10:10:38.033Z",
      "legacy_end_date": null
    }
  },
  {
    "model": "hitas.apartmenttype",
    "pk": 59,
    "fields": {
      "uuid": "844df8cf-e92e-4ee7-bb38-dd0e81898e0c",
      "value": "h+k+rt+ter+piha",
      "description": "",
      "in_use": true,
      "order": null,
      "legacy_code_number": "037",
      "legacy_start_date": "2022-07-26T10:10:38.034Z",
      "legacy_end_date": null
    }
  },
  {
    "model": "hitas.apartmenttype",
    "pk": 60,
    "fields": {
      "uuid": "76651970-9b23-48c0-8b07-31ec56aca5d8",
      "value": "h+kt+s+halli",
      "description": "",
      "in_use": true,
      "order": null,
      "legacy_code_number": "038",
      "legacy_start_date": "2022-07-26T10:10:38.035Z",
      "legacy_end_date": null
    }
  },
  {
    "model": "hitas.apartmenttype",
    "pk": 61,
    "fields": {
      "uuid": "d40520e7-6024-42ba-8109-811bb22877f4",
      "value": "h+k+rt+s",
      "description": "",
      "in_use": true,
      "order": null,
      "legacy_code_number": "039",
      "legacy_start_date": "2022-07-26T10:10:38.035Z",
      "legacy_end_date": null
    }
  },
  {
    "model": "hitas.apartmenttype",
    "pk": 62,
    "fields": {
      "uuid": "befd17f5-7bbc-4220-9856-d074c1626cda",
      "value": "h+kt+rt+s+ter+piha",
      "description": "",
      "in_use": true,
      "order": null,
      "legacy_code_number": "040",
      "legacy_start_date": "2022-07-26T10:10:38.036Z",
      "legacy_end_date": null
    }
  },
  {
    "model": "hitas.apartmenttype",
    "pk": 63,
    "fields": {
      "uuid": "36743c62-9dd7-4898-a2fd-90a73c7df86d",
      "value": "h+k+s+vih+th+var",
      "description": "",
      "in_use": true,
      "order": null,
      "legacy_code_number": "041",
      "legacy_start_date": "2022-07-26T10:10:38.037Z",
      "legacy_end_date": null
    }
  },
  {
    "model": "hitas.apartmenttype",
    "pk": 64,
    "fields": {
      "uuid": "e6307981-8add-450b-afe2-9185a35cad7c",
      "value": "h+k+s+vih+piha+var",
      "description": "",
      "in_use": true,
      "order": null,
      "legacy_code_number": "042",
      "legacy_start_date": "2022-07-26T10:10:38.038Z",
      "legacy_end_date": null
    }
  },
  {
    "model": "hitas.apartmenttype",
    "pk": 65,
    "fields": {
      "uuid": "27779998-4c97-47d3-886c-225e95a9ff25",
      "value": "h+k+s+terassi",
      "description": "",
      "in_use": true,
      "order": null,
      "legacy_code_number": "043",
      "legacy_start_date": "2022-07-26T10:10:38.039Z",
      "legacy_end_date": null
    }
  },
  {
    "model": "hitas.apartmenttype",
    "pk": 66,
    "fields": {
      "uuid": "be0fbefb-012d-4675-9b78-c87c79d0635e",
      "value": "h+k+s+piha",
      "description": "",
      "in_use": true,
      "order": null,
      "legacy_code_number": "044",
      "legacy_start_date": "2022-07-26T10:10:38.039Z",
      "legacy_end_date": null
    }
  },
  {
    "model": "hitas.apartmenttype",
    "pk": 67,
    "fields": {
      "uuid": "8d02dc18-2958-4e93-bb0b-c3378bd2094d",
      "value": "h+k+s+th+piha",
      "description": "",
      "in_use": true,
      "order": null,
      "legacy_code_number": "045",
      "legacy_start_date": "2022-07-26T10:10:38.040Z",
      "legacy_end_date": null
    }
  },
  {
    "model": "hitas.apartmenttype",
    "pk": 68,
    "fields": {
      "uuid": "3deb4c17-a13f-403f-bbd9-490eefc3d6cd",
      "value": "h+k+s+th",
      "description": "",
      "in_use": true,
      "order": null,
      "legacy_code_number": "046",
      "legacy_start_date": "2022-07-26T10:10:38.041Z",
      "legacy_end_date": null
    }
  },
  {
    "model": "hitas.apartmenttype",
    "pk": 69,
    "fields": {
      "uuid": "cd129ec7-03ee-43a4-8c07-c96969bc2741",
      "value": "h+k+s+aula",
      "description": "",
      "in_use": true,
      "order": null,
      "legacy_code_number": "047",
      "legacy_start_date": "2022-07-26T10:10:38.042Z",
      "legacy_end_date": null
    }
  },
  {
    "model": "hitas.apartmenttype",
    "pk": 70,
    "fields": {
      "uuid": "27b4ef86-1e74-4a34-9a4c-b9e43d3df1eb",
      "value": "h+tk+työhuone",
      "description": "",
      "in_use": true,
      "order": null,
      "legacy_code_number": "048",
      "legacy_start_date": "2022-07-26T10:10:38.042Z",
      "legacy_end_date": null
    }
  },
  {
    "model": "hitas.apartmenttype",
    "pk": 71,
    "fields": {
      "uuid": "f4388d89-6c96-47a2-bef0-997731e6a65c",
      "value": "h+k+khh+s+piha",
      "description": "",
      "in_use": true,
      "order": null,
      "legacy_code_number": "049",
      "legacy_start_date": "2022-07-26T10:10:38.043Z",
      "legacy_end_date": null
    }
  },
  {
    "model": "hitas.apartmenttype",
    "pk": 72,
    "fields": {
      "uuid": "88b12c1f-ad2d-40a6-868d-8d62f158091c",
      "value": "h+k+khh+s",
      "description": "",
      "in_use": true,
      "order": null,
      "legacy_code_number": "050",
      "legacy_start_date": "2022-07-26T10:10:38.044Z",
      "legacy_end_date": null
    }
  },
  {
    "model": "hitas.apartmenttype",
    "pk": 73,
    "fields": {
      "uuid": "a71042d0-f529-479c-aad9-2b4472722a4e",
      "value": "h+alk+kk+s",
      "description": "",
      "in_use": true,
      "order": null,
      "legacy_code_number": "051",
      "legacy_start_date": "2022-07-26T10:10:38.044Z",
      "legacy_end_date": null
    }
  },
  {
    "model": "hitas.apartmenttype",
    "pk": 74,
    "fields": {
      "uuid": "d14f368e-4c19-482d-8163-1cb22ae5f9a4",
      "value": "h+k+s+var",
      "description": "",
      "in_use": true,
      "order": null,
      "legacy_code_number": "052",
      "legacy_start_date": "2022-07-26T10:10:38.045Z",
      "legacy_end_date": null
    }
  },
  {
    "model": "hitas.apartmenttype",
    "pk": 75,
    "fields": {
      "uuid": "b6fbe319-78bb-4feb-8969-887daeb3a47e",
      "value": "h+k+työtila",
      "description": "",
      "in_use": true,
      "order": null,
      "legacy_code_number": "053",
      "legacy_start_date": "2022-07-26T10:10:38.046Z",
      "legacy_end_date": null
    }
  },
  {
    "model": "hitas.apartmenttype",
    "pk": 76,
    "fields": {
      "uuid": "85d29e64-4c87-41b1-be22-d7a4317c3c71",
      "value": "h+k+s+er.h",
      "description": "",
      "in_use": true,
      "order": null,
      "legacy_code_number": "054",
      "legacy_start_date": "2022-07-26T10:10:38.046Z",
      "legacy_end_date": null
    }
  },
  {
    "model": "hitas.apartmenttype",
    "pk": 77,
    "fields": {
      "uuid": "c779a461-d23d-4930-bccb-7bcaab4a98c1",
      "value": "h+k+s.os+vh",
      "description": "",
      "in_use": true,
      "order": null,
      "legacy_code_number": "055",
      "legacy_start_date": "2022-07-26T10:10:38.047Z",
      "legacy_end_date": null
    }
  },
  {
    "model": "hitas.apartmenttype",
    "pk": 78,
    "fields": {
      "uuid": "eb63f503-8cd3-4f06-bf8a-3960a112109f",
      "value": "h+k+akh+khh+wc+s+ullakko",
      "description": "",
      "in_use": true,
      "order": null,
      "legacy_code_number": "056",
      "legacy_start_date": "2022-07-26T10:10:38.048Z",
      "legacy_end_date": null
    }
  },
  {
    "model": "hitas.apartmenttype",
    "pk": 79,
    "fields": {
      "uuid": "29d6dd64-7843-4c0a-92a3-3260366e417d",
      "value": "h+k+tkh+khh+wc+s+ullakko",
      "description": "",
      "in_use": true,
      "order": null,
      "legacy_code_number": "057",
      "legacy_start_date": "2022-07-26T10:10:38.049Z",
      "legacy_end_date": null
    }
  },
  {
    "model": "hitas.apartmenttype",
    "pk": 80,
    "fields": {
      "uuid": "9cac63b0-722f-4171-a2f1-b6528cbbbf94",
      "value": "h+alk+k",
      "description": "",
      "in_use": true,
      "order": null,
      "legacy_code_number": "058",
      "legacy_start_date": "2022-07-26T10:10:38.049Z",
      "legacy_end_date": null
    }
  },
  {
    "model": "hitas.apartmenttype",
    "pk": 81,
    "fields": {
      "uuid": "0c10c7ae-0c18-440b-9d12-b8accf85d9e0",
      "value": "h+tk+th",
      "description": "",
      "in_use": true,
      "order": null,
      "legacy_code_number": "059",
      "legacy_start_date": "2022-07-26T10:10:38.050Z",
      "legacy_end_date": null
    }
  },
  {
    "model": "hitas.apartmenttype",
    "pk": 82,
    "fields": {
      "uuid": "143597fe-d28a-4af9-b228-69fe204da443",
      "value": "h+k+s+vih+th",
      "description": "",
      "in_use": true,
      "order": null,
      "legacy_code_number": "060",
      "legacy_start_date": "2022-07-26T10:10:38.051Z",
      "legacy_end_date": null
    }
  },
  {
    "model": "hitas.apartmenttype",
    "pk": 83,
    "fields": {
      "uuid": "502eb7bf-3b10-4646-bf9e-f2288d7e349f",
      "value": "h+tk+s",
      "description": "",
      "in_use": true,
      "order": null,
      "legacy_code_number": "061",
      "legacy_start_date": "2022-07-26T10:10:38.051Z",
      "legacy_end_date": null
    }
  },
  {
    "model": "hitas.apartmenttype",
    "pk": 84,
    "fields": {
      "uuid": "72e12c95-0a90-4972-a7c9-a0c4c55820a9",
      "value": "h+kh",
      "description": "",
      "in_use": true,
      "order": null,
      "legacy_code_number": "062",
      "legacy_start_date": "2022-07-26T10:10:38.052Z",
      "legacy_end_date": null
    }
  },
  {
    "model": "hitas.apartmenttype",
    "pk": 85,
    "fields": {
      "uuid": "59c78cf7-d5ce-4abd-a63e-de93cee87579",
      "value": "h+kh+s",
      "description": "",
      "in_use": true,
      "order": null,
      "legacy_code_number": "063",
      "legacy_start_date": "2022-07-26T10:10:38.053Z",
      "legacy_end_date": null
    }
  },
  {
    "model": "hitas.apartmenttype",
    "pk": 86,
    "fields": {
      "uuid": "602bf212-efe3-4108-bc92-ea690c60f5c0",
      "value": "h+k+s+parvi",
      "description": "",
      "in_use": true,
      "order": null,
      "legacy_code_number": "064",
      "legacy_start_date": "2022-07-26T10:10:38.053Z",
      "legacy_end_date": null
    }
  },
  {
    "model": "hitas.apartmenttype",
    "pk": 87,
    "fields": {
      "uuid": "1f615918-3d29-418b-afac-5a1d4ecf429b",
      "value": "h+kk+s+parvi",
      "description": "",
      "in_use": true,
      "order": null,
      "legacy_code_number": "065",
      "legacy_start_date": "2022-07-26T10:10:38.054Z",
      "legacy_end_date": null
    }
  },
  {
    "model": "hitas.apartmenttype",
    "pk": 88,
    "fields": {
      "uuid": "30030df6-3790-455f-82fe-bf8eeacdeff5",
      "value": "h+kk+th+terassi",
      "description": "",
      "in_use": true,
      "order": null,
      "legacy_code_number": "066",
      "legacy_start_date": "2022-07-26T10:10:38.055Z",
      "legacy_end_date": null
    }
  },
  {
    "model": "hitas.apartmenttype",
    "pk": 89,
    "fields": {
      "uuid": "f5095660-9390-47a6-9fdb-f9a15b228c6d",
      "value": "h+k+parvi",
      "description": "",
      "in_use": true,
      "order": null,
      "legacy_code_number": "067",
      "legacy_start_date": "2022-07-26T10:10:38.055Z",
      "legacy_end_date": null
    }
  },
  {
    "model": "hitas.apartmenttype",
    "pk": 90,
    "fields": {
      "uuid": "c39771ca-928a-42e3-8f1f-b6c0c79e9186",
      "value": "h+k+irt.v",
      "description": "",
      "in_use": true,
      "order": null,
      "legacy_code_number": "068",
      "legacy_start_date": "2022-07-26T10:10:38.056Z",
      "legacy_end_date": null
    }
  },
  {
    "model": "hitas.apartmenttype",
    "pk": 91,
    "fields": {
      "uuid": "e0b91c44-7a3c-4035-a806-b32a3b9b3bbb",
      "value": "h+k+terassi",
      "description": "",
      "in_use": true,
      "order": null,
      "legacy_code_number": "069",
      "legacy_start_date": "2022-07-26T10:10:38.057Z",
      "legacy_end_date": null
    }
  },
  {
    "model": "hitas.apartmenttype",
    "pk": 92,
    "fields": {
      "uuid": "e7003aa8-dd3e-44cb-a73b-66b02aa84a77",
      "value": "h+k+s+ullakko",
      "description": "",
      "in_use": true,
      "order": null,
      "legacy_code_number": "070",
      "legacy_start_date": "2022-07-26T10:10:38.057Z",
      "legacy_end_date": null
    }
  },
  {
    "model": "hitas.apartmenttype",
    "pk": 93,
    "fields": {
      "uuid": "c3e82a49-d172-4bfe-bd99-d7770d826fe5",
      "value": "h+k+työh.",
      "description": "",
      "in_use": true,
      "order": null,
      "legacy_code_number": "071",
      "legacy_start_date": "2022-07-26T10:10:38.058Z",
      "legacy_end_date": null
    }
  },
  {
    "model": "hitas.apartmenttype",
    "pk": 94,
    "fields": {
      "uuid": "f0df3f96-1f37-4c6d-af01-e541743147d4",
      "value": "h+kt+parvi",
      "description": "",
      "in_use": true,
      "order": null,
      "legacy_code_number": "072",
      "legacy_start_date": "2022-07-26T10:10:38.059Z",
      "legacy_end_date": null
    }
  },
  {
    "model": "hitas.apartmenttype",
    "pk": 95,
    "fields": {
      "uuid": "e9570a49-bf78-471f-b66c-934347ebdd63",
      "value": "h+k+s+var+at+piha",
      "description": "",
      "in_use": true,
      "order": null,
      "legacy_code_number": "073",
      "legacy_start_date": "2022-07-26T10:10:38.059Z",
      "legacy_end_date": null
    }
  },
  {
    "model": "hitas.apartmenttype",
    "pk": 96,
    "fields": {
      "uuid": "0851e141-d2da-4c0e-becb-4e2f3d760422",
      "value": "h+k+s+at+piha",
      "description": "",
      "in_use": true,
      "order": null,
      "legacy_code_number": "074",
      "legacy_start_date": "2022-07-26T10:10:38.061Z",
      "legacy_end_date": null
    }
  },
  {
    "model": "hitas.apartmenttype",
    "pk": 97,
    "fields": {
      "uuid": "c2ad2ff3-02da-4057-a6bf-9954d5054159",
      "value": "h+k+s+ulkovar+piha",
      "description": "",
      "in_use": true,
      "order": null,
      "legacy_code_number": "075",
      "legacy_start_date": "2022-07-26T10:10:38.061Z",
      "legacy_end_date": null
    }
  },
  {
    "model": "hitas.apartmenttype",
    "pk": 98,
    "fields": {
      "uuid": "11cc1c7c-a23a-4156-a796-63f9be1100ab",
      "value": "h+k+s+var+ulkovar+piha",
      "description": "",
      "in_use": true,
      "order": null,
      "legacy_code_number": "076",
      "legacy_start_date": "2022-07-26T10:10:38.062Z",
      "legacy_end_date": null
    }
  },
  {
    "model": "hitas.apartmenttype",
    "pk": 99,
    "fields": {
      "uuid": "9d6e9144-12f3-4097-844b-8bca54880d25",
      "value": "h+kt+alk",
      "description": "",
      "in_use": true,
      "order": null,
      "legacy_code_number": "077",
      "legacy_start_date": "2022-07-26T10:10:38.063Z",
      "legacy_end_date": null
    }
  },
  {
    "model": "hitas.apartmenttype",
    "pk": 100,
    "fields": {
      "uuid": "692de7f0-4f12-4b6e-9735-e8413a34657a",
      "value": "h+kt+studiotila",
      "description": "",
      "in_use": true,
      "order": null,
      "legacy_code_number": "078",
      "legacy_start_date": "2022-07-26T10:10:38.063Z",
      "legacy_end_date": null
    }
  },
  {
    "model": "hitas.apartmenttype",
    "pk": 101,
    "fields": {
      "uuid": "71753303-e301-4991-95ec-3a41e6c24bce",
      "value": "h+k-studiotila",
      "description": "",
      "in_use": true,
      "order": null,
      "legacy_code_number": "079",
      "legacy_start_date": "2022-07-26T10:10:38.064Z",
      "legacy_end_date": null
    }
  },
  {
    "model": "hitas.apartmenttype",
    "pk": 102,
    "fields": {
      "uuid": "ee269dac-713e-4d70-8940-67222a83e789",
      "value": "h+kt+piha",
      "description": "",
      "in_use": true,
      "order": null,
      "legacy_code_number": "080",
      "legacy_start_date": "2022-07-26T10:10:38.065Z",
      "legacy_end_date": null
    }
  },
  {
    "model": "hitas.apartmenttype",
    "pk": 103,
    "fields": {
      "uuid": "44690644-422f-4ab3-8313-43735951ed68",
      "value": "h+avok",
      "description": "",
      "in_use": true,
      "order": null,
      "legacy_code_number": "081",
      "legacy_start_date": "2022-07-26T10:10:38.066Z",
      "legacy_end_date": null
    }
  },
  {
    "model": "hitas.apartmenttype",
    "pk": 104,
    "fields": {
      "uuid": "dc0507fb-91b7-4d6c-a9c0-8d464a995966",
      "value": "h+k+rt+s+var",
      "description": "",
      "in_use": true,
      "order": null,
      "legacy_code_number": "082",
      "legacy_start_date": "2022-07-26T10:10:38.066Z",
      "legacy_end_date": null
    }
  },
  {
    "model": "hitas.apartmenttype",
    "pk": 105,
    "fields": {
      "uuid": "bc8e4581-e512-4b68-8c5b-21196abb65f0",
      "value": "h+k+so",
      "description": "",
      "in_use": true,
      "order": null,
      "legacy_code_number": "083",
      "legacy_start_date": "2022-07-26T10:10:38.067Z",
      "legacy_end_date": null
    }
  },
  {
    "model": "hitas.apartmenttype",
    "pk": 106,
    "fields": {
      "uuid": "3657d3f0-dc4f-42d2-90b1-6db789b27510",
      "value": "pysäköintipaikka",
      "description": "",
      "in_use": true,
      "order": null,
      "legacy_code_number": "084",
      "legacy_start_date": "2022-07-26T10:10:38.068Z",
      "legacy_end_date": null
    }
  },
  {
    "model": "hitas.apartmenttype",
    "pk": 107,
    "fields": {
      "uuid": "0e5d092c-9f35-46e0-9a39-c725f70c0497",
      "value": "h+kt+alk+s",
      "description": "",
      "in_use": true,
      "order": null,
      "legacy_code_number": "085",
      "legacy_start_date": "2022-07-26T10:10:38.069Z",
      "legacy_end_date": null
    }
  },
  {
    "model": "hitas.apartmenttype",
    "pk": 108,
    "fields": {
      "uuid": "23224815-cac4-4243-9fd8-f5dd3748b641",
      "value": "h+kk+työh",
      "description": "",
      "in_use": true,
      "order": null,
      "legacy_code_number": "086",
      "legacy_start_date": "2022-07-26T10:10:38.070Z",
      "legacy_end_date": null
    }
  },
  {
    "model": "hitas.apartmenttype",
    "pk": 109,
    "fields": {
      "uuid": "24280aca-3690-4cd9-ac9d-11e093149e3c",
      "value": "h+kt+autopaikka",
      "description": "",
      "in_use": true,
      "order": null,
      "legacy_code_number": "087",
      "legacy_start_date": "2022-07-26T10:10:38.071Z",
      "legacy_end_date": null
    }
  },
  {
    "model": "hitas.apartmenttype",
    "pk": 110,
    "fields": {
      "uuid": "92b093ba-3413-4feb-977a-5e5d0fb50297",
      "value": "h+k+autopaikka",
      "description": "",
      "in_use": true,
      "order": null,
      "legacy_code_number": "088",
      "legacy_start_date": "2022-07-26T10:10:38.072Z",
      "legacy_end_date": null
    }
  },
  {
    "model": "hitas.apartmenttype",
    "pk": 111,
    "fields": {
      "uuid": "b70d6a6a-36f3-4be4-b4b7-8385f7a4db55",
      "value": "h+k+khh+var+kuisti",
      "description": "",
      "in_use": true,
      "order": null,
      "legacy_code_number": "089",
      "legacy_start_date": "2022-07-26T10:10:38.073Z",
      "legacy_end_date": null
    }
  },
  {
    "model": "hitas.apartmenttype",
    "pk": 112,
    "fields": {
      "uuid": "33da8abc-952f-4ac3-8415-e8bd51a0c412",
      "value": "kt+s+varasto",
      "description": "",
      "in_use": true,
      "order": null,
      "legacy_code_number": "099",
      "legacy_start_date": "2022-07-26T10:10:38.073Z",
      "legacy_end_date": null
    }
  },
  {
    "model": "hitas.apartmenttype",
    "pk": 113,
    "fields": {
      "uuid": "302e11a3-4863-4e53-ba4d-3a8d2f8e0b75",
      "value": "h+työtila",
      "description": "",
      "in_use": true,
      "order": null,
      "legacy_code_number": "100",
      "legacy_start_date": "2022-07-26T10:10:38.074Z",
      "legacy_end_date": null
    }
  },
  {
    "model": "hitas.apartmenttype",
    "pk": 114,
    "fields": {
      "uuid": "325bf953-f95c-430a-8298-cfa695d03b5c",
      "value": "h+terassi",
      "description": "",
      "in_use": true,
      "order": null,
      "legacy_code_number": "101",
      "legacy_start_date": "2022-07-26T10:10:38.075Z",
      "legacy_end_date": null
    }
  },
  {
    "model": "hitas.apartmenttype",
    "pk": 115,
    "fields": {
      "uuid": "36399f24-cdd1-4843-8728-91fae5f0255b",
      "value": "h+kk+työtila",
      "description": "",
      "in_use": true,
      "order": null,
      "legacy_code_number": "102",
      "legacy_start_date": "2022-07-26T10:10:38.075Z",
      "legacy_end_date": null
    }
  },
  {
    "model": "hitas.apartmenttype",
    "pk": 116,
    "fields": {
      "uuid": "9abeb2a2-c892-4a4e-ae52-10bdca3da421",
      "value": "h+kk+vh",
      "description": "",
      "in_use": true,
      "order": null,
      "legacy_code_number": "103",
      "legacy_start_date": "2022-07-26T10:10:38.076Z",
      "legacy_end_date": null
    }
  },
  {
    "model": "hitas.apartmenttype",
    "pk": 117,
    "fields": {
      "uuid": "4eff9951-49ff-4657-8d32-2c0117eb11ce",
      "value": "h+kt+vh",
      "description": "",
      "in_use": true,
      "order": null,
      "legacy_code_number": "104",
      "legacy_start_date": "2022-07-26T10:10:38.077Z",
      "legacy_end_date": null
    }
  },
  {
    "model": "hitas.apartmenttype",
    "pk": 118,
    "fields": {
      "uuid": "5216cfc5-152c-4a06-b93a-1c65ac330cfd",
      "value": "h+kk+kph",
      "description": "",
      "in_use": true,
      "order": null,
      "legacy_code_number": "105",
      "legacy_start_date": "2022-07-26T10:10:38.077Z",
      "legacy_end_date": null
    }
  },
  {
    "model": "hitas.apartmenttype",
    "pk": 119,
    "fields": {
      "uuid": "01f8ad0f-a149-41c0-8caa-5272439587fb",
      "value": "h+kk+kph+s",
      "description": "",
      "in_use": true,
      "order": null,
      "legacy_code_number": "106",
      "legacy_start_date": "2022-07-26T10:10:38.078Z",
      "legacy_end_date": null
    }
  },
  {
    "model": "hitas.apartmenttype",
    "pk": 120,
    "fields": {
      "uuid": "27c4fe13-caf1-46c2-afbd-64cb9097dc41",
      "value": "h+kt+viherh.",
      "description": "",
      "in_use": true,
      "order": null,
      "legacy_code_number": "107",
      "legacy_start_date": "2022-07-26T10:10:38.078Z",
      "legacy_end_date": null
    }
  },
  {
    "model": "hitas.apartmenttype",
    "pk": 121,
    "fields": {
      "uuid": "8904bca5-56bf-47a3-9ab6-e227463d91ff",
      "value": "h+k+kph",
      "description": "",
      "in_use": true,
      "order": null,
      "legacy_code_number": "108",
      "legacy_start_date": "2022-07-26T10:10:38.079Z",
      "legacy_end_date": null
    }
  },
  {
    "model": "hitas.apartmenttype",
    "pk": 122,
    "fields": {
      "uuid": "f1f21ff0-6b07-4db2-8c4e-93d46b555958",
      "value": "h+kt+s+alk",
      "description": "",
      "in_use": true,
      "order": null,
      "legacy_code_number": "109",
      "legacy_start_date": "2022-07-26T10:10:38.080Z",
      "legacy_end_date": null
    }
  },
  {
    "model": "hitas.apartmenttype",
    "pk": 123,
    "fields": {
      "uuid": "adbbd856-7521-4a27-b60e-72289679a78d",
      "value": "h+kt+as.piha",
      "description": "",
      "in_use": true,
      "order": null,
      "legacy_code_number": "110",
      "legacy_start_date": "2022-07-26T10:10:38.081Z",
      "legacy_end_date": null
    }
  },
  {
    "model": "hitas.apartmenttype",
    "pk": 124,
    "fields": {
      "uuid": "bbfa69b3-a970-4120-b4a5-214101029ac0",
      "value": "h+kt+alk",
      "description": "",
      "in_use": true,
      "order": null,
      "legacy_code_number": "111",
      "legacy_start_date": "2022-07-26T10:10:38.082Z",
      "legacy_end_date": null
    }
  },
  {
    "model": "hitas.apartmenttype",
    "pk": 125,
    "fields": {
      "uuid": "4e153c6e-3fc3-4e94-996e-aeee7450c5d3",
      "value": "h+kt+prv+viherh.",
      "description": "",
      "in_use": true,
      "order": null,
      "legacy_code_number": "112",
      "legacy_start_date": "2022-07-26T10:10:38.082Z",
      "legacy_end_date": null
    }
  },
  {
    "model": "hitas.apartmenttype",
    "pk": 126,
    "fields": {
      "uuid": "a4416274-1403-4de4-8c31-da107dec033c",
      "value": "h+k+et",
      "description": "",
      "in_use": true,
      "order": null,
      "legacy_code_number": "113",
      "legacy_start_date": "2022-07-26T10:10:38.083Z",
      "legacy_end_date": null
    }
  },
  {
    "model": "hitas.apartmenttype",
    "pk": 127,
    "fields": {
      "uuid": "a4f8b9fb-ea9a-4401-828a-b08096cd996e",
      "value": "h+k+s+at+var+piha",
      "description": "",
      "in_use": true,
      "order": null,
      "legacy_code_number": "114",
      "legacy_start_date": "2022-07-26T10:10:38.084Z",
      "legacy_end_date": null
    }
  },
  {
    "model": "hitas.apartmenttype",
    "pk": 128,
    "fields": {
      "uuid": "a299b34a-5e9c-4bd4-81c7-312b83f536ed",
      "value": "1h",
      "description": "Laborum corporis hic nihil explicabo repellendus hic.",
      "in_use": true,
      "order": null,
      "legacy_code_number": "001",
      "legacy_start_date": "2013-11-24T15:08:14.707Z",
      "legacy_end_date": null
    }
  },
  {
    "model": "hitas.apartmenttype",
    "pk": 129,
    "fields": {
      "uuid": "898c192e-f765-4026-8dd3-b1acf67b6cab",
      "value": "2mh+tupak+s",
      "description": "Error beatae maiores numquam tempore.",
      "in_use": true,
      "order": null,
      "legacy_code_number": "000",
      "legacy_start_date": "2014-01-27T00:40:42.777Z",
      "legacy_end_date": null
    }
  },
  {
    "model": "hitas.apartmenttype",
    "pk": 130,
    "fields": {
      "uuid": "86d2e1c2-be80-4b6d-af40-f05a1dc99696",
      "value": "2h+kk+s",
      "description": "Maiores amet repudiandae facilis laboriosam voluptas iure.",
      "in_use": true,
      "order": null,
      "legacy_code_number": "000",
      "legacy_start_date": "2016-11-23T11:17:01.105Z",
      "legacy_end_date": null
    }
  },
  {
    "model": "hitas.housingcompany",
    "pk": 1,
    "fields": {
      "uuid": "dccd2cbc-9826-4f28-b097-da8209441bbf",
      "official_name": "Asunto Oy Helsingin Rumpupolun palvelutalo",
      "display_name": "Helsingin Rumpupolun palvelutalo",
      "state": "gt_30_years_not_free",
      "business_id": "1234567-8",
      "street_address": "Fakestreet 123",
      "postal_code": 1,
      "building_type": 2,
      "financing_method": 2,
      "property_manager": 2,
      "developer": 5,
      "acquisition_price": "123456.78",
      "realized_acquisition_price": null,
      "primary_loan": "100000.00",
      "sales_price_catalogue_confirmation_date": null,
      "notification_date": null,
      "legacy_id": "581",
      "notes": "",
      "last_modified_datetime": "2022-06-20T10:00:50.506Z",
      "last_modified_by": "09a0a600-a62d-44bd-b9ef-ab446eeccb28"
    }
  },
  {
    "model": "hitas.housingcompany",
    "pk": 2,
    "fields": {
      "uuid": "7938b3fd-2b77-4139-b0b7-f410758e09c6",
      "official_name": "As Oy Karjalainen",
      "display_name": "Karjalainen",
      "state": "not_ready",
      "business_id": "9683437-5",
      "street_address": "Yrttimaanpolku 020",
      "postal_code": 6,
      "building_type": 9,
      "financing_method": 15,
      "property_manager": 3,
      "developer": 6,
      "acquisition_price": "83571907.65",
      "realized_acquisition_price": "53394241.50",
      "primary_loan": "81539947.63",
      "sales_price_catalogue_confirmation_date": "2015-07-25",
      "notification_date": "2013-08-10",
      "legacy_id": "001",
      "notes": "Accusamus voluptatibus nemo cum quas. Impedit blanditiis voluptatibus voluptates quae id aspernatur fugiat. Eveniet velit corrupti voluptate natus aperiam.",
      "last_modified_datetime": "2022-08-02T09:20:05.397Z",
      "last_modified_by": "c63ead5f-25fb-4af0-bc7e-62aa14b3e7e0"
    }
  },
  {
    "model": "hitas.housingcompany",
    "pk": 3,
    "fields": {
      "uuid": "01c9168e-637b-4ce0-9478-02e9b417d15a",
      "official_name": "As Oy Jokela",
      "display_name": "Jokela",
      "state": "not_ready",
      "business_id": "1423269-7",
      "street_address": "Biologinkuja 3",
      "postal_code": 12,
      "building_type": 5,
      "financing_method": 2,
      "property_manager": 4,
      "developer": 7,
      "acquisition_price": "99749992.47",
      "realized_acquisition_price": "125263709.27",
      "primary_loan": "81692780.51",
      "sales_price_catalogue_confirmation_date": "2011-03-06",
      "notification_date": "2021-01-15",
      "legacy_id": "000",
      "notes": "Expedita nihil deleniti nam deleniti dolores. Quae perferendis accusamus libero necessitatibus. Voluptatum maiores quam.\nNecessitatibus molestias iure illum quibusdam.",
      "last_modified_datetime": "2022-08-02T09:20:09.471Z",
      "last_modified_by": "c64f240b-12eb-4ccb-bdc7-15c430e7cfc0"
    }
  },
  {
    "model": "hitas.housingcompany",
    "pk": 4,
    "fields": {
      "uuid": "9e6e79f6-8ec6-45aa-922f-675950698511",
      "official_name": "As Oy Venäläinen",
      "display_name": "Venäläinen",
      "state": "not_ready",
      "business_id": "9397579-7",
      "street_address": "Iltaruskonkatu 3",
      "postal_code": 4,
      "building_type": 12,
      "financing_method": 1,
      "property_manager": 5,
      "developer": 8,
      "acquisition_price": "15973741.78",
      "realized_acquisition_price": "15911267.97",
      "primary_loan": "41801722.70",
      "sales_price_catalogue_confirmation_date": "2018-01-18",
      "notification_date": "2011-09-11",
      "legacy_id": "000",
      "notes": "Deserunt et dolorem dolores aliquam libero. Eaque minus adipisci.\nAliquid quibusdam ratione voluptas facere eveniet sunt. Accusantium excepturi quos quos. Magnam rerum repellendus sequi qui.",
      "last_modified_datetime": "2022-08-02T09:20:11.628Z",
      "last_modified_by": "722efa11-90b3-448b-b978-45fef5539c28"
    }
  },
  {
    "model": "hitas.housingcompany",
    "pk": 5,
    "fields": {
      "uuid": "d766a637-751d-4c58-913c-caabf5f10b6c",
      "official_name": "As Oy Lassila",
      "display_name": "Lassila",
      "state": "not_ready",
      "business_id": "5567725-4",
      "street_address": "Tuomarinkylänkatu 071",
      "postal_code": 23,
      "building_type": 5,
      "financing_method": 3,
      "property_manager": 6,
      "developer": 9,
      "acquisition_price": "38918640.09",
      "realized_acquisition_price": "25901415.18",
      "primary_loan": "84597715.33",
      "sales_price_catalogue_confirmation_date": "2016-08-01",
      "notification_date": "2012-12-31",
      "legacy_id": "000",
      "notes": "Esse nulla porro deleniti placeat molestiae eaque. Quidem possimus dolorum et corporis minus mollitia maiores.",
      "last_modified_datetime": "2022-08-02T09:20:13.748Z",
      "last_modified_by": "3b78650c-23fc-45e4-be12-60466d1631ac"
    }
  },
  {
    "model": "hitas.housingcompany",
    "pk": 6,
    "fields": {
      "uuid": "ba40eec8-1e76-449a-9ab1-1b47753194b5",
      "official_name": "As Oy Salminen",
      "display_name": "Salminen",
      "state": "not_ready",
      "business_id": "5848149-2",
      "street_address": "Fastbölenpolku 8",
      "postal_code": 28,
      "building_type": 1,
      "financing_method": 20,
      "property_manager": 7,
      "developer": 10,
      "acquisition_price": "83575476.54",
      "realized_acquisition_price": "62426822.94",
      "primary_loan": "79065595.04",
      "sales_price_catalogue_confirmation_date": "2018-01-08",
      "notification_date": "2018-07-25",
      "legacy_id": "000",
      "notes": "Sint consectetur repudiandae quas sed reprehenderit ipsam ex.\nDoloribus numquam aut tenetur dolore. Veritatis consectetur molestias odit dolorum aut rem quasi.",
      "last_modified_datetime": "2022-08-02T09:20:15.802Z",
      "last_modified_by": "7c804293-f0c0-4435-b591-f92775ae7942"
    }
  },
  {
    "model": "hitas.housingcompany",
    "pk": 7,
    "fields": {
      "uuid": "d45e0c74-8ad2-480f-964c-3209d0dc9c1b",
      "official_name": "As Oy Räsänen",
      "display_name": "Räsänen",
      "state": "not_ready",
      "business_id": "7637525-5",
      "street_address": "Salavakatu 0",
      "postal_code": 4,
      "building_type": 3,
      "financing_method": 12,
      "property_manager": 8,
      "developer": 11,
      "acquisition_price": "46511857.20",
      "realized_acquisition_price": "50600953.96",
      "primary_loan": "89218508.81",
      "sales_price_catalogue_confirmation_date": "2012-11-29",
      "notification_date": "2010-02-14",
      "legacy_id": "000",
      "notes": "Fugiat neque laudantium necessitatibus ratione aperiam doloribus. Nemo dolores odio nobis consequatur autem. Omnis eligendi cum sed.\nCommodi numquam eius suscipit asperiores.",
      "last_modified_datetime": "2022-08-02T09:20:19.821Z",
      "last_modified_by": "acfd9a8c-c608-48e7-a883-cda6d3891867"
    }
  },
  {
    "model": "hitas.housingcompany",
    "pk": 8,
    "fields": {
      "uuid": "2980ec08-6887-4297-820c-4150f9146620",
      "official_name": "As Oy Virtanen",
      "display_name": "Virtanen",
      "state": "not_ready",
      "business_id": "3258335-1",
      "street_address": "Vaakalinnunpolku 446",
      "postal_code": 6,
      "building_type": 9,
      "financing_method": 15,
      "property_manager": 9,
      "developer": 12,
      "acquisition_price": "70361556.09",
      "realized_acquisition_price": "42608326.46",
      "primary_loan": "38404029.03",
      "sales_price_catalogue_confirmation_date": "2015-05-01",
      "notification_date": "2010-07-19",
      "legacy_id": "000",
      "notes": "Quos harum similique totam omnis quasi quo. Hic eos earum nam dolorem adipisci.\nQuisquam necessitatibus ducimus architecto maxime. Officiis expedita accusamus pariatur sunt molestias.",
      "last_modified_datetime": "2022-08-02T09:22:01.728Z",
      "last_modified_by": "b3ce65df-3707-4d83-a605-a0c886ff53f7"
    }
  },
  {
    "model": "hitas.ownership",
    "pk": 1,
    "fields": {
      "apartment": 1,
      "owner": 1,
      "percentage": "100.00",
      "start_date": "2022-01-01",
      "end_date": null
    }
  },
  {
    "model": "hitas.ownership",
    "pk": 2,
    "fields": {
      "apartment": 2,
      "owner": 2,
      "percentage": "100.00",
      "start_date": "2010-12-03",
      "end_date": null
    }
  },
  {
    "model": "hitas.ownership",
    "pk": 3,
    "fields": {
      "apartment": 3,
      "owner": 3,
      "percentage": "100.00",
      "start_date": "2021-08-27",
      "end_date": null
    }
  },
  {
    "model": "hitas.ownership",
    "pk": 4,
    "fields": {
      "apartment": 4,
      "owner": 4,
      "percentage": "50.00",
      "start_date": "2021-07-31",
      "end_date": null
    }
  },
  {
    "model": "hitas.ownership",
    "pk": 5,
    "fields": {
      "apartment": 5,
      "owner": 5,
      "percentage": "100.00",
      "start_date": "2018-09-08",
      "end_date": null
    }
  },
  {
    "model": "hitas.ownership",
    "pk": 6,
    "fields": {
      "apartment": 6,
      "owner": 6,
      "percentage": "100.00",
      "start_date": "2010-05-24",
      "end_date": null
    }
  },
  {
    "model": "hitas.ownership",
    "pk": 7,
    "fields": {
      "apartment": 7,
      "owner": 7,
      "percentage": "100.00",
      "start_date": "2018-11-12",
      "end_date": null
    }
  },
  {
    "model": "hitas.ownership",
    "pk": 8,
    "fields": {
      "apartment": 8,
      "owner": 8,
      "percentage": "100.00",
      "start_date": "2016-08-13",
      "end_date": null
    }
  },
  {
    "model": "hitas.ownership",
    "pk": 9,
    "fields": {
      "apartment": 4,
      "owner": 9,
      "percentage": "50.00",
      "start_date": "2021-07-31",
      "end_date": null
    }
  },
  {
    "model": "hitas.person",
    "pk": 1,
    "fields": {
      "uuid": "ca9a96d8-1b8c-465d-a0d8-2791c41003a0",
      "first_name": "Matti",
      "last_name": "Meikäläinen",
      "social_security_number": "010199-123A",
      "email": "matti@hitas.fi"
    }
  },
  {
    "model": "hitas.person",
    "pk": 2,
    "fields": {
      "uuid": "25226463-6ae4-4bf9-8e0d-38f550e7b9e8",
      "first_name": "Kerttu",
      "last_name": "Kuusisto",
      "social_security_number": "050462-494C",
      "email": "juhanisaari@example.com"
    }
  },
  {
    "model": "hitas.person",
    "pk": 3,
    "fields": {
      "uuid": "4b573f08-9426-4ad4-866d-77fe55fdf77a",
      "first_name": "Juhani",
      "last_name": "Kujala",
      "social_security_number": "300505A522H",
      "email": "kaarinalehto@example.com"
    }
  },
  {
    "model": "hitas.person",
    "pk": 4,
    "fields": {
      "uuid": "7df34cb6-b7f7-4627-8c4e-1b3f3f2ca4a7",
      "first_name": "Kerttu",
      "last_name": "Asikainen",
      "social_security_number": "151124-088K",
      "email": "mattigustafsson@example.org"
    }
  },
  {
    "model": "hitas.person",
    "pk": 5,
    "fields": {
      "uuid": "b5a6d975-e6ab-4208-a852-72b9613eabc7",
      "first_name": "Jaakko",
      "last_name": "Virtanen",
      "social_security_number": "230919-757D",
      "email": "emiliaseppanen@example.net"
    }
  },
  {
    "model": "hitas.person",
    "pk": 6,
    "fields": {
      "uuid": "c4f0e0ea-ff65-4472-a852-5b7d5a6c465d",
      "first_name": "Marjaana",
      "last_name": "Myllymäki",
      "social_security_number": "160339-233A",
      "email": "artturiihimaki@example.org"
    }
  },
  {
    "model": "hitas.person",
    "pk": 7,
    "fields": {
      "uuid": "e649550d-8049-483b-ae3a-a1d97a4bb3d3",
      "first_name": "Seppo",
      "last_name": "Lahtinen",
      "social_security_number": "211283-058H",
      "email": "ensio55@example.org"
    }
  },
  {
    "model": "hitas.person",
    "pk": 8,
    "fields": {
      "uuid": "23332e48-cf08-417a-9121-7d2bfe113e0b",
      "first_name": "Riitta",
      "last_name": "Ojanen",
      "social_security_number": "160288-587K",
      "email": "onurmi@example.org"
    }
  },
  {
    "model": "hitas.person",
    "pk": 9,
    "fields": {
      "uuid": "9d5fbaaf-54fb-4a1b-89df-4b939dce0e4c",
      "first_name": "Katariina",
      "last_name": "Virna",
      "social_security_number": "111269-222X",
      "email": null
    }
  },
  {
    "model": "hitas.hitaspostalcode",
    "pk": 1,
    "fields": {
      "uuid": "75592d94-970c-4862-81d1-53ccd672ae3e",
      "value": "00100",
      "city": "Helsinki",
      "cost_area": 1
    }
  },
  {
    "model": "hitas.hitaspostalcode",
    "pk": 2,
    "fields": {
      "uuid": "b8ada237-479c-410d-962c-306c22b186e0",
      "value": "00150",
      "city": "Helsinki",
      "cost_area": 1
    }
  },
  {
    "model": "hitas.hitaspostalcode",
    "pk": 3,
    "fields": {
      "uuid": "82d6115c-4058-45d1-a993-2d4225124929",
      "value": "00190",
      "city": "Helsinki",
      "cost_area": 1
    }
  },
  {
    "model": "hitas.hitaspostalcode",
    "pk": 4,
    "fields": {
      "uuid": "679e2218-7db9-4358-b904-da6f350cd6a3",
      "value": "00230",
      "city": "Helsinki",
      "cost_area": 1
    }
  },
  {
    "model": "hitas.hitaspostalcode",
    "pk": 5,
    "fields": {
      "uuid": "aced7b38-19be-4769-b1f6-804893cc2ff3",
      "value": "00420",
      "city": "Helsinki",
      "cost_area": 1
    }
  },
  {
    "model": "hitas.hitaspostalcode",
    "pk": 6,
    "fields": {
      "uuid": "ee7a9635-56b2-4518-af25-36bf311df6a4",
      "value": "00530",
      "city": "Helsinki",
      "cost_area": 1
    }
  },
  {
    "model": "hitas.hitaspostalcode",
    "pk": 7,
    "fields": {
      "uuid": "a9854cee-618a-4f4d-8e6b-20798990597e",
      "value": "00620",
      "city": "Helsinki",
      "cost_area": 1
    }
  },
  {
    "model": "hitas.hitaspostalcode",
    "pk": 8,
    "fields": {
      "uuid": "9d58382c-65a4-4f51-b609-46fe13f27f44",
      "value": "00710",
      "city": "Helsinki",
      "cost_area": 1
    }
  },
  {
    "model": "hitas.hitaspostalcode",
    "pk": 9,
    "fields": {
      "uuid": "24bc0687-6c91-43f2-8097-68987c6b7899",
      "value": "00890",
      "city": "Helsinki",
      "cost_area": 1
    }
  },
  {
    "model": "hitas.hitaspostalcode",
    "pk": 10,
    "fields": {
      "uuid": "3c63efb8-6f87-416c-856f-83622f4090a6",
      "value": "00940",
      "city": "Helsinki",
      "cost_area": 1
    }
  },
  {
    "model": "hitas.hitaspostalcode",
    "pk": 11,
    "fields": {
      "uuid": "70870539-58f9-49f9-9517-6128d342fec9",
      "value": "01020",
      "city": "Helsinki",
      "cost_area": 1
    }
  },
  {
    "model": "hitas.hitaspostalcode",
    "pk": 12,
    "fields": {
      "uuid": "fe5cbba3-3da2-4980-9cf1-3758acd1cbaa",
      "value": "00020",
      "city": "Helsinki",
      "cost_area": 1
    }
  },
  {
    "model": "hitas.hitaspostalcode",
    "pk": 13,
    "fields": {
      "uuid": "c6737eb2-be39-403a-8c29-dcb601da13c7",
      "value": "00950",
      "city": "Helsinki",
      "cost_area": 1
    }
  },
  {
    "model": "hitas.hitaspostalcode",
    "pk": 14,
    "fields": {
      "uuid": "27b92601-98e1-458b-89ad-cb64ad5fe86b",
      "value": "00220",
      "city": "Helsinki",
      "cost_area": 1
    }
  },
  {
    "model": "hitas.hitaspostalcode",
    "pk": 15,
    "fields": {
      "uuid": "a41a3dda-84d8-492a-b6a9-1a3eb2e58605",
      "value": "00470",
      "city": "Helsinki",
      "cost_area": 1
    }
  },
  {
    "model": "hitas.hitaspostalcode",
    "pk": 16,
    "fields": {
      "uuid": "4b72a40b-286b-4ce5-8574-1d5684187cca",
      "value": "00990",
      "city": "Helsinki",
      "cost_area": 1
    }
  },
  {
    "model": "hitas.hitaspostalcode",
    "pk": 17,
    "fields": {
      "uuid": "a484f296-f975-4cb2-8f37-977d3d9073c8",
      "value": "00340",
      "city": "Helsinki",
      "cost_area": 1
    }
  },
  {
    "model": "hitas.hitaspostalcode",
    "pk": 18,
    "fields": {
      "uuid": "2dbd3780-ce9d-44bd-a8a5-f12f70951bde",
      "value": "00660",
      "city": "Helsinki",
      "cost_area": 1
    }
  },
  {
    "model": "hitas.hitaspostalcode",
    "pk": 19,
    "fields": {
      "uuid": "827c0813-df89-46cf-a87a-abfd1bb003e2",
      "value": "00520",
      "city": "Helsinki",
      "cost_area": 1
    }
  },
  {
    "model": "hitas.hitaspostalcode",
    "pk": 20,
    "fields": {
      "uuid": "4da06ac7-f1ea-440f-addc-0f53830eaab5",
      "value": "00850",
      "city": "Helsinki",
      "cost_area": 1
    }
  },
  {
    "model": "hitas.hitaspostalcode",
    "pk": 21,
    "fields": {
      "uuid": "482f649e-ad74-4053-9feb-9d4c6cd6897d",
      "value": "00290",
      "city": "Helsinki",
      "cost_area": 1
    }
  },
  {
    "model": "hitas.hitaspostalcode",
    "pk": 22,
    "fields": {
      "uuid": "60586cf9-56a6-4586-b8d9-f95cb88769db",
      "value": "00240",
      "city": "Helsinki",
      "cost_area": 1
    }
  },
  {
    "model": "hitas.hitaspostalcode",
    "pk": 23,
    "fields": {
      "uuid": "2106516d-0e34-4f93-a72e-32610ce3093a",
      "value": "00450",
      "city": "Helsinki",
      "cost_area": 1
    }
  },
  {
    "model": "hitas.hitaspostalcode",
    "pk": 24,
    "fields": {
      "uuid": "c3f81039-ce1d-4d6d-80a8-538774a92973",
      "value": "00460",
      "city": "Helsinki",
      "cost_area": 1
    }
  },
  {
    "model": "hitas.hitaspostalcode",
    "pk": 25,
    "fields": {
      "uuid": "825fd6d3-bdfa-44a7-929d-692f82d95312",
      "value": "00640",
      "city": "Helsinki",
      "cost_area": 1
    }
  },
  {
    "model": "hitas.hitaspostalcode",
    "pk": 26,
    "fields": {
      "uuid": "daa8104c-5241-4f66-91c9-5f3cbc761a34",
      "value": "00610",
      "city": "Helsinki",
      "cost_area": 1
    }
  },
  {
    "model": "hitas.hitaspostalcode",
    "pk": 27,
    "fields": {
      "uuid": "1a8cc501-c900-4aa6-a760-066946aef409",
      "value": "00350",
      "city": "Helsinki",
      "cost_area": 1
    }
  },
  {
    "model": "hitas.hitaspostalcode",
    "pk": 28,
    "fields": {
      "uuid": "9a3c4e2f-a741-4469-8f35-3a649caa2355",
      "value": "00170",
      "city": "Helsinki",
      "cost_area": 1
    }
  },
  {
    "model": "hitas.hitaspostalcode",
    "pk": 29,
    "fields": {
      "uuid": "7785845b-9dd3-4603-b79a-1006095e42b0",
      "value": "00270",
      "city": "Helsinki",
      "cost_area": 1
    }
  },
  {
    "model": "hitas.hitaspostalcode",
    "pk": 30,
    "fields": {
      "uuid": "2214c454-6564-44ae-ac75-f5f1ee5eaed4",
      "value": "00480",
      "city": "Helsinki",
      "cost_area": 1
    }
  },
  {
    "model": "hitas.hitaspostalcode",
    "pk": 31,
    "fields": {
      "uuid": "190ab006-1334-478e-be39-489fc4f6441a",
      "value": "00820",
      "city": "Helsinki",
      "cost_area": 1
    }
  },
  {
    "model": "hitas.hitaspostalcode",
    "pk": 32,
    "fields": {
      "uuid": "8fee4ea0-4bcf-4191-a1f0-67b620e7eb41",
      "value": "00320",
      "city": "Helsinki",
      "cost_area": 1
    }
  },
  {
    "model": "hitas.hitaspostalcode",
    "pk": 33,
    "fields": {
      "uuid": "dc2548a8-ade6-4cde-872e-aa93240cadf9",
      "value": "00900",
      "city": "Helsinki",
      "cost_area": 1
    }
  },
  {
    "model": "hitas.hitaspostalcode",
    "pk": 34,
    "fields": {
      "uuid": "bfe36a1d-f032-4ce3-927f-2c8c1c3fb5eb",
      "value": "00490",
      "city": "Helsinki",
      "cost_area": 1
    }
  },
  {
    "model": "hitas.hitaspostalcode",
    "pk": 35,
    "fields": {
      "uuid": "f94e8cd6-b814-4288-adce-817f0653486e",
      "value": "00540",
      "city": "Helsinki",
      "cost_area": 1
    }
  },
  {
    "model": "hitas.hitaspostalcode",
    "pk": 36,
    "fields": {
      "uuid": "91771d5b-d867-4f21-b78d-efe71f7a7ee6",
      "value": "00260",
      "city": "Helsinki",
      "cost_area": 1
    }
  },
  {
    "model": "hitas.hitaspostalcode",
    "pk": 37,
    "fields": {
      "uuid": "666616a2-308e-4155-988d-ccf7234fb02c",
      "value": "00690",
      "city": "Helsinki",
      "cost_area": 1
    }
  },
  {
    "model": "hitas.hitaspostalcode",
    "pk": 38,
    "fields": {
      "uuid": "55f06525-545c-4b28-84a4-5430dece01e7",
      "value": "00750",
      "city": "Helsinki",
      "cost_area": 1
    }
  },
  {
    "model": "hitas.hitaspostalcode",
    "pk": 39,
    "fields": {
      "uuid": "82a34c14-4f7d-41e5-b81a-8ad6e98340ed",
      "value": "00930",
      "city": "Helsinki",
      "cost_area": 1
    }
  },
  {
    "model": "hitas.hitaspostalcode",
    "pk": 40,
    "fields": {
      "uuid": "c8328f3b-24cd-4710-9d6a-eb5a93e5e168",
      "value": "00880",
      "city": "Helsinki",
      "cost_area": 1
    }
  },
  {
    "model": "hitas.propertymanager",
    "pk": 2,
    "fields": {
      "uuid": "2d9a7fac-81e5-426d-b3b3-3d6ad6ca9949",
      "name": "EA-isännöinti Oy",
      "email": "not-known@example.com",
      "street_address": "Värikuja 1 B 13",
      "postal_code": "1",
      "city": ""
    }
  },
  {
    "model": "hitas.propertymanager",
    "pk": 3,
    "fields": {
      "uuid": "f66e2df2-fda8-455b-8795-cbb7dec6e449",
      "name": "Maria Rossi-Karvonen",
      "email": "yleinonen@example.org",
      "street_address": "Porinpolku 7",
      "postal_code": "7",
      "city": ""
    }
  },
  {
    "model": "hitas.propertymanager",
    "pk": 4,
    "fields": {
      "uuid": "511bea85-ea99-4814-9ec9-51aec40b9e2f",
      "name": "Leena Vartiainen",
      "email": "sara15@example.net",
      "street_address": "Taimistonkuja 28",
      "postal_code": "13",
      "city": ""
    }
  },
  {
    "model": "hitas.propertymanager",
    "pk": 5,
    "fields": {
      "uuid": "6821c8a7-cfbc-49aa-be36-c4be850c5bf9",
      "name": "Jukka Ruotsalainen-Reinikainen",
      "email": "karjalainenkristian@example.net",
      "street_address": "Walentin Chorellin polku 2",
      "postal_code": "18",
      "city": ""
    }
  },
  {
    "model": "hitas.propertymanager",
    "pk": 6,
    "fields": {
      "uuid": "f902d9d8-8e19-4122-9d8b-6ffa3ef45703",
      "name": "Ilkka Salonen",
      "email": "nylundsanna@example.org",
      "street_address": "Franzéninkatu 1",
      "postal_code": "24",
      "city": ""
    }
  },
  {
    "model": "hitas.propertymanager",
    "pk": 7,
    "fields": {
      "uuid": "34139541-b598-4658-a1cf-ead48164e7e3",
      "name": "Tuulikki Salo",
      "email": "erkki98@example.net",
      "street_address": "Nervanderinpolku 06",
      "postal_code": "29",
      "city": ""
    }
  },
  {
    "model": "hitas.propertymanager",
    "pk": 8,
    "fields": {
      "uuid": "6ce63974-cfcc-48c9-94c8-d44443339991",
      "name": "Hannu Räsänen",
      "email": "pentti86@example.com",
      "street_address": "Ostoskuja 1",
      "postal_code": "17",
      "city": ""
    }
  },
  {
    "model": "hitas.propertymanager",
    "pk": 9,
    "fields": {
      "uuid": "a32fb176-5c70-4488-bca5-7b56c5fe7f21",
      "name": "Kyllikki Saarinen",
      "email": "uusitaloelisabeth@example.net",
      "street_address": "Taavetti Laitisen polku 6",
      "postal_code": "38",
      "city": ""
    }
  },
  {
    "model": "hitas.realestate",
    "pk": 1,
    "fields": {
      "uuid": "a20254d4-b3ea-4f25-a509-f4f081d9e446",
      "housing_company": 1,
      "property_identifier": "091-020-0015-0003",
      "street_address": "Fakestreet 123"
    }
  },
  {
    "model": "hitas.realestate",
    "pk": 2,
    "fields": {
      "uuid": "5a62b822-5ee2-40ce-aa6e-49644f77ec45",
      "housing_company": 2,
      "property_identifier": "6535-9995-1426-4929",
      "street_address": "Betleheminkuja 300"
    }
  },
  {
    "model": "hitas.realestate",
    "pk": 3,
    "fields": {
      "uuid": "6a21e0f1-9ad5-49f8-8f0a-94a096a5eac4",
      "housing_company": 3,
      "property_identifier": "4510-9520-6441-3392",
      "street_address": "Malminkartanonbulevardi 575"
    }
  },
  {
    "model": "hitas.realestate",
    "pk": 4,
    "fields": {
      "uuid": "4a8e7cf0-3a7e-45cb-a4fe-a3285799dafa",
      "housing_company": 4,
      "property_identifier": "2059-2641-8704-8619",
      "street_address": "Uurtajanpolku 782"
    }
  },
  {
    "model": "hitas.realestate",
    "pk": 5,
    "fields": {
      "uuid": "91d5c926-f0fc-4ed0-91d8-160ae87b11bb",
      "housing_company": 5,
      "property_identifier": "3032-1618-8490-9881",
      "street_address": "Willebrandinbulevardi 4"
    }
  },
  {
    "model": "hitas.realestate",
    "pk": 6,
    "fields": {
      "uuid": "367aeceb-6c52-49b9-8f87-d24b3e738927",
      "housing_company": 6,
      "property_identifier": "4669-9138-2027-5229",
      "street_address": "Niitynperänkuja 74"
    }
  },
  {
    "model": "hitas.realestate",
    "pk": 7,
    "fields": {
      "uuid": "e487b17e-13e0-49dc-8c4c-034b7a875ebb",
      "housing_company": 7,
      "property_identifier": "6911-0472-5072-1192",
      "street_address": "Orisaarenbulevardi 48"
    }
  },
  {
    "model": "hitas.realestate",
    "pk": 8,
    "fields": {
      "uuid": "5ff86872-53a3-48f9-8dfb-656171ce3315",
      "housing_company": 8,
      "property_identifier": "8440-9485-1889-1839",
      "street_address": "Fabianinbulevardi 461"
    }
  }
]
